,Unemployment Rate,Average Wage,Low Skill Wage,Medium Skill Wage,High Skill Wage,GDP,Price Level,AI Adoption Rate,Gini Coefficient,Labor Share,Average Productivity,Total Employment,Average Firm Profit,Low Skill Employment Rate,Medium Skill Employment Rate,High Skill Employment Rate
0,0.9,866.4619959784566,840.0301968594724,910.5149945100969,0.0,0.0,100.0,0.0,0.0,0.0,0.5680197120834325,8,-513.9142173928251,0.2,0.08571428571428572,0.0
1,0.85,915.1421297623656,855.5446942721716,927.7960657754222,1068.6265642068352,5440.3241619555365,91.90221089478693,0.0,0.9024369655575326,0.538812488360818,0.5641217853849352,12,-92.68058020090348,0.24,0.11428571428571428,0.1
2,0.8125,936.9464830249336,889.9883822751096,959.4074117518921,1068.6265642068352,8849.431233918065,84.71487052443509,0.0,0.8574329586251805,0.5474981375641913,0.5606395540171469,15,141.15870508954157,0.32,0.14285714285714285,0.1
3,0.8125,936.9464830249336,889.9883822751096,959.4074117518921,1068.6265642068352,11332.827013825943,78.94743221206298,0.0,0.8225523679624978,0.6311632480913152,0.5575650837306904,15,106.5887133090225,0.32,0.14285714285714285,0.1
4,0.8125,936.9464830249336,889.9883822751096,959.4074117518921,1068.6265642068352,11439.85775639396,74.09810614236768,0.0,0.8225523679624978,0.6808879686395434,0.5544807331470987,15,20.055226379735345,0.32,0.14285714285714285,0.1
5,0.8125,936.9464830249336,889.9883822751096,959.4074117518921,1068.6265642068352,11562.351891590717,70.07585362415418,0.0,0.8225523679624978,0.7335333889588834,0.5513866010693423,15,-57.878234686503625,0.32,0.14285714285714285,0.1
6,0.8125,936.9464830249336,889.9883822751096,959.4074117518921,1068.6265642068352,11682.01336501681,66.70896004446055,0.0,0.8225523679624978,0.778422462196555,0.548282785312364,15,-111.71557644258137,0.32,0.14285714285714285,0.1
7,0.8125,936.9464830249336,889.9883822751096,959.4074117518921,1068.6265642068352,11820.190908465578,63.955346026704056,0.0,0.8225523679624978,0.8262287755059883,0.5451693827129555,15,-162.5020227874643,0.32,0.14285714285714285,0.1
8,0.8125,936.9464830249336,889.9883822751096,959.4074117518921,1068.6265642068352,11952.561112634266,61.69095347310149,0.0,0.8225523679624978,0.8664847808884821,0.5420464891395406,15,-197.2522832204794,0.32,0.14285714285714285,0.1
9,0.8125,936.9464830249336,889.9883822751096,959.4074117518921,1068.6265642068352,12076.224163811952,59.85641847278728,0.0,0.8225523679624978,0.9053220031342313,0.5389141995018603,15,-226.58888498019445,0.32,0.14285714285714285,0.1
10,0.8125,936.9464830249336,889.9883822751096,959.4074117518921,1068.6265642068352,12200.43610199858,58.40611456291429,0.0,0.8225523679624978,0.942464645208636,0.5357726077605566,15,-251.16678542965528,0.32,0.14285714285714285,0.1
11,0.8125,936.9464830249336,889.9883822751096,959.4074117518921,1068.6265642068352,12302.691071065967,57.24690503098394,0.0,0.8225523679624978,0.9715411728814286,0.5326218069366659,15,-265.515682868351,0.32,0.14285714285714285,0.1
12,0.8125,936.9464830249336,889.9883822751096,959.4074117518921,1068.6265642068352,12394.330221705552,56.35028534613572,0.0,0.8225523679624978,0.9996170487556688,0.5294618891210143,15,-277.9642203588048,0.32,0.14285714285714285,0.1
13,0.8125,936.9464830249336,889.9883822751096,959.4074117518921,1068.6265642068352,12473.471990212167,55.685098232955816,0.0,0.8225523679624978,1.0258035361131435,0.526292945483519,15,-287.98211634784735,0.32,0.14285714285714285,0.1
14,0.8125,936.9464830249336,889.9883822751096,959.4074117518921,1068.6265642068352,12532.159462540203,55.186390438126594,0.0,0.8225523679624978,1.045049657986073,0.5231150662823987,15,-291.5865610745589,0.32,0.14285714285714285,0.1
15,0.8125,936.9464830249336,889.9883822751096,959.4074117518921,1068.6265642068352,12589.24354791595,54.85767849925316,0.0,0.8225523679624978,1.0656499471618237,0.5199283408732899,15,-296.35993275008127,0.32,0.14285714285714285,0.1
16,0.8125,936.9464830249336,889.9883822751096,959.4074117518921,1068.6265642068352,12630.169876359982,54.65099463100615,0.0,0.8225523679624978,1.0807114037276793,0.5167328577182716,15,-296.6820111767443,0.32,0.14285714285714285,0.1
17,0.8125,936.9464830249336,889.9883822751096,959.4074117518921,1068.6265642068352,12663.67444051527,54.548321330695686,0.0,0.8225523679624978,1.0938451800919207,0.513528704394804,15,-295.7563511208609,0.32,0.14285714285714285,0.1
18,0.8125,936.9464830249336,889.9883822751096,959.4074117518921,1068.6265642068352,12685.556925268382,54.5534258930104,0.0,0.8225523679624978,1.107993326743424,0.510315967604571,15,-295.92532782356267,0.32,0.14285714285714285,0.1
19,0.8125,936.9464830249336,889.9883822751096,959.4074117518921,1068.6265642068352,12605.284430219383,54.61976890874984,0.0,0.8225523679624978,1.116300769387612,0.5070947331822401,15,-291.9882399247826,0.32,0.14285714285714285,0.1
20,0.8125,936.9464830249336,889.9883822751096,959.4074117518921,1068.6265642068352,12516.783747715443,54.75267978704147,0.0,0.8225523679624978,1.1255604306768776,0.5038650861041327,15,-289.1745123083177,0.32,0.14285714285714285,0.1
21,0.8125,936.9464830249336,889.9883822751096,959.4074117518921,1068.6265642068352,12461.196189191805,54.92504493426576,0.0,0.8225523679624978,1.1313874363967154,0.5006271104968063,15,-284.2290413989198,0.32,0.14285714285714285,0.1
22,0.8125,936.9464830249336,889.9883822751096,959.4074117518921,1068.6265642068352,12375.09095995411,55.160815529791115,0.0,0.8225523679624978,1.140559384267861,0.4973808896455532,15,-282.11752891586843,0.32,0.14285714285714285,0.1
23,0.8125,936.9464830249336,889.9883822751096,959.4074117518921,1068.6265642068352,12305.621339922774,55.4457491051241,0.0,0.8225523679624978,1.1479952054857983,0.4941265060028127,15,-279.10589512070635,0.32,0.14285714285714285,0.1
24,0.8125,936.9464830249336,889.9883822751096,959.4074117518921,1068.6265642068352,12273.189190030433,55.74853794860394,0.0,0.8225523679624978,1.1513671710161264,0.4908640411964993,15,-273.5802341132193,0.32,0.14285714285714285,0.1
25,0.8125,936.9464830249336,889.9883822751096,959.4074117518921,1068.6265642068352,12225.400486695362,56.081865145645324,0.0,0.8225523679624978,1.156463462468747,0.4875935760382493,15,-269.6462224942232,0.32,0.14285714285714285,0.1
26,0.8125,936.9464830249336,889.9883822751096,959.4074117518921,1068.6265642068352,12168.2971469063,56.45339845433008,0.0,0.8225523679624978,1.1626363051384905,0.48431519053158195,15,-266.80365177911557,0.32,0.14285714285714285,0.1
27,0.8125,936.9464830249336,889.9883822751096,959.4074117518921,1068.6265642068352,12139.126186704842,56.83870595750265,0.0,0.8225523679624978,1.165662188112745,0.4810289638799808,15,-262.10868972138167,0.32,0.14285714285714285,0.1
28,0.8125,936.9464830249336,889.9883822751096,959.4074117518921,1068.6265642068352,12094.13411394903,57.251525451737095,0.0,0.8225523679624978,1.1705073500822365,0.4777580290440757,15,-258.98830723030875,0.32,0.14285714285714285,0.1
29,0.8125,936.9464830249336,889.9883822751096,959.4074117518921,1068.6265642068352,12050.92112314737,57.690124641272426,0.0,0.8225523679624978,1.1751686979329465,0.47462597271321155,15,-256.03818335555206,0.32,0.14285714285714285,0.1
30,0.8125,936.9464830249336,889.9883822751096,959.4074117518921,1068.6265642068352,12021.100920586501,58.142347364110776,0.0,0.8225523679624978,1.178291881500048,0.47157170501409007,15,-252.3325491393894,0.32,0.14285714285714285,0.1
31,0.8125,936.9464830249336,889.9883822751096,959.4074117518921,1068.6265642068352,12009.268297589868,58.59184065949651,0.0,0.8225523679624978,1.1793265533160464,0.4685738409991336,15,-247.5022091853285,0.32,0.14285714285714285,0.1
32,0.8125,936.9464830249336,889.9883822751096,959.4074117518921,1068.6265642068352,11972.941641764259,59.06114269550711,0.0,0.8225523679624978,1.1832319346268794,0.4657391025371741,15,-244.8728807088593,0.32,0.14285714285714285,0.1
33,0.8125,936.9464830249336,889.9883822751096,959.4074117518921,1068.6265642068352,11950.165020479746,59.53761968006271,0.0,0.8225523679624978,1.1855551573302376,0.4629074484852008,15,-241.43560238047564,0.32,0.14285714285714285,0.1
34,0.8125,936.9464830249336,889.9883822751096,959.4074117518921,1068.6265642068352,11900.619847270804,60.04642395633144,0.0,0.8225523679624978,1.1910558946028538,0.4600684859737473,15,-240.34595870113563,0.32,0.14285714285714285,0.1
35,0.8125,936.9464830249336,889.9883822751096,959.4074117518921,1068.6265642068352,11878.431715482991,60.56143219593616,0.0,0.8225523679624978,1.1933172752486454,0.45731858262063535,15,-237.3341204827738,0.32,0.14285714285714285,0.1
36,0.8125,936.9464830249336,889.9883822751096,959.4074117518921,1068.6265642068352,11864.8940140455,61.0743908120075,0.0,0.8225523679624978,1.1945523526535085,0.4545902217131599,15,-233.86847388437116,0.32,0.14285714285714285,0.1
37,0.8125,936.9464830249336,889.9883822751096,959.4074117518921,1068.6265642068352,11835.485271147689,61.6008261849935,0.0,0.8225523679624978,1.1976981210686504,0.45185476941475927,15,-231.8650049484837,0.32,0.14285714285714285,0.1
38,0.8125,936.9464830249336,889.9883822751096,959.4074117518921,1068.6265642068352,11798.436860505337,62.14826393324513,0.0,0.8225523679624978,1.201777409802343,0.44911229663934227,15,-230.65999843217136,0.32,0.14285714285714285,0.1
39,0.8125,936.9464830249336,889.9883822751096,959.4074117518921,1068.6265642068352,11778.576059799516,62.69957332140915,0.0,0.8225523679624978,1.2037847511808197,0.4463628735916797,15,-228.2926838380654,0.32,0.14285714285714285,0.1
40,0.8125,936.9464830249336,889.9883822751096,959.4074117518921,1068.6265642068352,11752.864665529321,63.26072770692904,0.0,0.8225523679624978,1.206512726130696,0.4436065697744939,15,-226.5685236777466,0.32,0.14285714285714285,0.1
41,0.8125,936.9464830249336,889.9883822751096,959.4074117518921,1068.6265642068352,11732.086069302397,63.82675527777033,0.0,0.8225523679624978,1.208646747251507,0.4409044866938861,15,-224.62986004915564,0.32,0.14285714285714285,0.1
42,0.8125,936.9464830249336,889.9883822751096,959.4074117518921,1068.6265642068352,11700.540111423703,64.4088239359066,0.0,0.8225523679624978,1.2121119611699627,0.4382014567768506,15,-223.70171355196655,0.32,0.14285714285714285,0.1
43,0.8125,936.9464830249336,889.9883822751096,959.4074117518921,1068.6265642068352,11668.62864603849,65.00734617741217,0.0,0.8225523679624978,1.2156352740027225,0.4355875326492223,15,-222.95498572167403,0.32,0.14285714285714285,0.1
44,0.8125,936.9464830249336,889.9883822751096,959.4074117518921,1068.6265642068352,11651.732285195534,65.60650265605697,0.0,0.8225523679624978,1.2173066566544755,0.43299188698446056,15,-221.1754895698408,0.32,0.14285714285714285,0.1
45,0.8125,936.9464830249336,889.9883822751096,959.4074117518921,1068.6265642068352,11613.16137726099,66.22956663491169,0.0,0.8225523679624978,1.2216888482346135,0.4304008710296511,15,-221.24050012882398,0.32,0.14285714285714285,0.1
46,0.8125,936.9464830249336,889.9883822751096,959.4074117518921,1068.6265642068352,11589.286256787062,66.86065008593799,0.0,0.8225523679624978,1.2242441456616975,0.427854703713618,15,-220.28020125299867,0.32,0.14285714285714285,0.1
47,0.8125,936.9464830249336,889.9883822751096,959.4074117518921,1068.6265642068352,11564.536072667914,67.50080261163764,0.0,0.8225523679624978,1.2269197886873273,0.4253405814582484,15,-219.51619978163635,0.32,0.14285714285714285,0.1
48,0.8125,936.9464830249336,889.9883822751096,959.4074117518921,1068.6265642068352,11544.103762798008,68.14532647697729,0.0,0.8225523679624978,1.2290596539732488,0.4228441516218046,15,-218.5344122634032,0.32,0.14285714285714285,0.1
49,0.8125,936.9464830249336,889.9883822751096,959.4074117518921,1068.6265642068352,11513.508828403363,68.80573538114741,0.0,0.8225523679624978,1.2324999502491558,0.4203414360837253,15,-218.46651782977878,0.32,0.14285714285714285,0.1
50,0.8125,936.9464830249336,889.9883822751096,959.4074117518921,1068.6265642068352,11493.547827964097,69.47001663171856,0.0,0.8225523679624978,1.2345955265415052,0.41783249770102665,15,-217.67086264805778,0.32,0.14285714285714285,0.1
51,0.8125,936.9464830249336,889.9883822751096,959.4074117518921,1068.6265642068352,11467.536358939851,70.14524519903851,0.0,0.8225523679624978,1.2374759105570488,0.4153531344430833,15,-217.45561985555094,0.32,0.14285714285714285,0.1
52,0.8125,936.9464830249336,889.9883822751096,959.4074117518921,1068.6265642068352,11440.103525064422,70.83316779241703,0.0,0.8225523679624978,1.240550696445921,0.4129108529216131,15,-217.44963139647942,0.32,0.14285714285714285,0.1
53,0.8125,936.9464830249336,889.9883822751096,959.4074117518921,1068.6265642068352,11422.731585061636,71.52202648169309,0.0,0.8225523679624978,1.2423364258080218,0.41050861689281903,15,-216.74676206323232,0.32,0.14285714285714285,0.1
54,0.8125,936.9464830249336,889.9883822751096,959.4074117518921,1068.6265642068352,11391.307170237242,72.22870780827496,0.0,0.8225523679624978,1.2459554544657845,0.40810040322431307,15,-217.2383099541352,0.32,0.14285714285714285,0.1
55,0.8125,936.9464830249336,889.9883822751096,959.4074117518921,1068.6265642068352,11374.51947003731,72.93562896526636,0.0,0.8225523679624978,1.247679022226312,0.405686271692492,15,-216.66301483282717,0.32,0.14285714285714285,0.1
56,0.8125,936.9464830249336,889.9883822751096,959.4074117518921,1068.6265642068352,11334.018295325272,73.67191054444145,0.0,0.8225523679624978,1.2525190363990442,0.4032662814759892,15,-218.0314562424436,0.32,0.14285714285714285,0.1
57,0.8125,936.9464830249336,889.9883822751096,959.4074117518921,1068.6265642068352,11313.557866466881,74.41279383502055,0.0,0.8225523679624978,1.2547364654035846,0.40084049116165144,15,-217.89671126722212,0.32,0.14285714285714285,0.1
58,0.8125,936.9464830249336,889.9883822751096,959.4074117518921,1068.6265642068352,11292.08960182037,75.15968594349751,0.0,0.8225523679624978,1.2570978252675207,0.398408958750457,15,-217.91548407760084,0.32,0.14285714285714285,0.1
59,0.8125,936.9464830249336,889.9883822751096,959.4074117518921,1068.6265642068352,11263.456582945133,75.9218168333356,0.0,0.8225523679624978,1.2604220457459454,0.39597174166337445,15,-218.5664926006428,0.32,0.14285714285714285,0.1
60,0.8125,936.9464830249336,889.9883822751096,959.4074117518921,1068.6265642068352,11249.591832823387,76.68032370934,0.0,0.8225523679624978,1.2617886727398195,0.3935288967471628,15,-218.12264867044976,0.32,0.14285714285714285,0.1
61,0.8125,936.9464830249336,889.9883822751096,959.4074117518921,1068.6265642068352,11208.099604955498,77.47132036663622,0.0,0.8225523679624978,1.2668671728602539,0.39108048028011333,15,-219.91281291962616,0.32,0.14285714285714285,0.1
62,0.8125,936.9464830249336,889.9883822751096,959.4074117518921,1068.6265642068352,11189.41213312223,78.26481192800112,0.0,0.8225523679624978,1.2688911321777574,0.3886265479777341,15,-219.9652919655241,0.32,0.14285714285714285,0.1
63,0.8125,936.9464830249336,889.9883822751096,959.4074117518921,1068.6265642068352,11161.360260502886,79.07346984076464,0.0,0.8225523679624978,1.2721934895482139,0.38616715499837895,15,-220.81119074456072,0.32,0.14285714285714285,0.1
64,0.8125,936.9464830249336,889.9883822751096,959.4074117518921,1068.6265642068352,11139.804921179415,79.88863346401223,0.0,0.8225523679624978,1.2746256524362998,0.38370235594881724,15,-221.19920780318333,0.32,0.14285714285714285,0.1
65,0.8125,936.9464830249336,889.9883822751096,959.4074117518921,1068.6265642068352,11116.863319576945,80.71235759877148,0.0,0.8225523679624978,1.2772585516395818,0.3812322048897511,15,-221.74804244545328,0.32,0.14285714285714285,0.1
66,0.8125,936.9464830249336,889.9883822751096,959.4074117518921,1068.6265642068352,11091.322100989482,81.54839814686399,0.0,0.8225523679624978,1.280259856570927,0.3787567553412757,15,-222.54961834179457,0.32,0.14285714285714285,0.1
67,0.8125,936.9464830249336,889.9883822751096,959.4074117518921,1068.6265642068352,11063.977757841008,82.39943346450173,0.0,0.8225523679624978,1.2835226633407568,0.376276060288285,15,-223.5378102721503,0.32,0.14285714285714285,0.1
68,0.8125,936.9464830249336,889.9883822751096,959.4074117518921,1068.6265642068352,11043.683992354894,83.25557175706344,0.0,0.8225523679624978,1.285822897466631,0.3737901721858244,15,-224.01509674985297,0.32,0.14285714285714285,0.1
69,0.8125,936.9464830249336,889.9883822751096,959.4074117518921,1068.6265642068352,11017.485255403284,84.12549221207271,0.0,0.8225523679624978,1.2889553605966122,0.37129914296438804,15,-224.99878593569267,0.32,0.14285714285714285,0.1
70,0.8125,936.9464830249336,889.9883822751096,959.4074117518921,1068.6265642068352,10986.973917320762,85.01564785982227,0.0,0.8225523679624978,1.2927043234868532,0.3688030240351663,15,-226.35907192014642,0.32,0.14285714285714285,0.1
71,0.8125,936.9464830249336,889.9883822751096,959.4074117518921,1068.6265642068352,10968.654911202386,85.90814126666706,0.0,0.8225523679624978,1.294756574997816,0.36630186629523676,15,-226.79749550504684,0.32,0.14285714285714285,0.1
72,0.8125,936.9464830249336,889.9883822751096,959.4074117518921,1068.6265642068352,10941.845238109814,86.81588264485858,0.0,0.8225523679624978,1.298016876212317,0.3637957201327065,15,-227.9402276872337,0.32,0.14285714285714285,0.1
73,0.8125,936.9464830249336,889.9883822751096,959.4074117518921,1068.6265642068352,10920.877722829418,87.73016507480638,0.0,0.8225523679624978,1.3004637815865243,0.36129697612185746,15,-228.6572480471529,0.32,0.14285714285714285,0.1
74,0.8125,936.9464830249336,889.9883822751096,959.4074117518921,1068.6265642068352,10885.42434620858,88.67345377980519,0.0,0.8225523679624978,1.3049845151042234,0.35884350226796163,15,-230.54401733813174,0.32,0.14285714285714285,0.1
75,0.8125,936.9464830249336,889.9883822751096,959.4074117518921,1068.6265642068352,10866.54424964705,89.62005566703505,0.0,0.8225523679624978,1.3071522554283905,0.3563851881526048,15,-231.1560494913589,0.32,0.14285714285714285,0.1
76,0.8125,936.9464830249336,889.9883822751096,959.4074117518921,1068.6265642068352,10843.666525824097,90.57648601099065,0.0,0.8225523679624978,1.3099060549196413,0.35392208217840115,15,-232.1132331991568,0.32,0.14285714285714285,0.1
77,0.8125,936.9464830249336,889.9883822751096,959.4074117518921,1068.6265642068352,10819.645298981528,91.54476025586982,0.0,0.8225523679624978,1.3128377153571595,0.35145423226393985,15,-233.18828081780063,0.32,0.14285714285714285,0.1
78,0.8125,936.9464830249336,889.9883822751096,959.4074117518921,1068.6265642068352,10795.098341319625,92.5259156429272,0.0,0.8225523679624978,1.3158589578432305,0.34898168584862316,15,-234.33079985271385,0.32,0.14285714285714285,0.1
79,0.8125,936.9464830249336,889.9883822751096,959.4074117518921,1068.6265642068352,10766.015517902188,93.52759119431022,0.0,0.8225523679624978,1.3195547080956516,0.3465044898974596,15,-235.85375258811155,0.32,0.14285714285714285,0.1
80,0.8125,936.9464830249336,889.9883822751096,959.4074117518921,1068.6265642068352,10733.967458674104,94.5549244199759,0.0,0.8225523679624978,1.323701840370627,0.3440226909058076,15,-237.63058057018327,0.32,0.14285714285714285,0.1
81,0.8125,936.9464830249336,889.9883822751096,959.4074117518921,1068.6265642068352,10716.81174524823,95.58294906782817,0.0,0.8225523679624978,1.325673932685688,0.3415363349040722,15,-238.25819831639504,0.32,0.14285714285714285,0.1
82,0.8125,936.9464830249336,889.9883822751096,959.4074117518921,1068.6265642068352,10695.51279978686,96.61898185766076,0.0,0.8225523679624978,1.3282703044453787,0.33904546746235414,15,-239.23563981185825,0.32,0.14285714285714285,0.1
83,0.8125,936.9464830249336,889.9883822751096,959.4074117518921,1068.6265642068352,10670.521001426392,97.66963115388998,0.0,0.8225523679624978,1.331427461852533,0.33655013369505327,15,-240.52441888147678,0.32,0.14285714285714285,0.1
84,0.8125,936.9464830249336,889.9883822751096,959.4074117518921,1068.6265642068352,10640.602592652995,98.74375752786136,0.0,0.8225523679624978,1.3353340488516778,0.33405037826542533,15,-242.21849016239494,0.32,0.14285714285714285,0.1
85,0.8125,936.9464830249336,889.9883822751096,959.4074117518921,1068.6265642068352,10616.346473347076,99.83148705813753,0.0,0.8225523679624978,1.3384090096968706,0.3315502486820822,15,-243.48407900378697,0.32,0.14285714285714285,0.1
86,0.8125,936.9464830249336,889.9883822751096,959.4074117518921,1068.6265642068352,10593.390799108338,100.93069290346321,0.0,0.8225523679624978,1.3413025950200785,0.3291528254904771,15,-244.66515461738496,0.32,0.14285714285714285,0.1
87,0.8125,936.9464830249336,889.9883822751096,959.4074117518921,1068.6265642068352,10567.377434105663,102.0471935948725,0.0,0.8225523679624978,1.3446728491694349,0.32676506860936455,15,-246.10327307619926,0.32,0.14285714285714285,0.1
88,0.8125,936.9464830249336,889.9883822751096,959.4074117518921,1068.6265642068352,10542.46087117452,103.17918122451186,0.0,0.8225523679624978,1.3478918835425606,0.32438048937084263,15,-247.470294134141,0.32,0.14285714285714285,0.1
89,0.8125,936.9464830249336,889.9883822751096,959.4074117518921,1068.6265642068352,10520.240522255011,104.32181955270195,0.0,0.8225523679624978,1.3507141556922684,0.32209108791295243,15,-248.64053799406383,0.32,0.14285714285714285,0.1
90,0.8125,936.9464830249336,889.9883822751096,959.4074117518921,1068.6265642068352,10493.664532289093,105.48364301262892,0.0,0.8225523679624978,1.354218789041197,0.31984262624175785,15,-250.16762926206005,0.32,0.14285714285714285,0.1
91,0.8125,936.9464830249336,889.9883822751096,959.4074117518921,1068.6265642068352,10469.519193265567,106.6601956280646,0.0,0.8225523679624978,1.3573647374297912,0.31774836593880346,15,-251.51650077481872,0.32,0.14285714285714285,0.1
92,0.8125,936.9464830249336,889.9883822751096,959.4074117518921,1068.6265642068352,10445.12617530589,107.85220664092445,0.0,0.8225523679624978,1.360564117724572,0.3158025660144801,15,-252.8977355528061,0.32,0.14285714285714285,0.1
93,0.8125,936.9464830249336,889.9883822751096,959.4074117518921,1068.6265642068352,10424.457112664315,109.05253626896214,0.0,0.8225523679624978,1.3631992324125675,0.31390837508008496,15,-253.99907077755432,0.32,0.14285714285714285,0.1
94,0.8125,936.9464830249336,889.9883822751096,959.4074117518921,1068.6265642068352,10401.415143260592,110.2662089303624,0.0,0.8225523679624978,1.366218893153575,0.3120820026257902,15,-255.2998449637863,0.32,0.14285714285714285,0.1
95,0.8125,936.9464830249336,889.9883822751096,959.4074117518921,1068.6265642068352,10377.13415005337,111.49600069223804,0.0,0.8225523679624978,1.3694477276305441,0.31028643208523854,15,-256.7093557407922,0.32,0.14285714285714285,0.1
96,0.8125,936.9464830249336,889.9883822751096,959.4074117518921,1068.6265642068352,10350.89344528394,112.74621416287519,0.0,0.8225523679624978,1.3730010984401095,0.3085619468809729,15,-258.2829702111256,0.32,0.14285714285714285,0.1
97,0.8125,936.9464830249336,889.9883822751096,959.4074117518921,1068.6265642068352,10321.110886154687,114.02453620308948,0.0,0.8225523679624978,1.3771331954120782,0.3068958718740765,15,-260.1433308491382,0.32,0.14285714285714285,0.1
98,0.8125,936.9464830249336,889.9883822751096,959.4074117518921,1068.6265642068352,10300.576380765568,115.31158964838947,0.0,0.8225523679624978,1.3798096004929103,0.30537218980942915,15,-261.285172067143,0.32,0.14285714285714285,0.1
99,0.8125,936.9464830249336,889.9883822751096,959.4074117518921,1068.6265642068352,10278.6134249366,116.61072862770268,0.0,0.8225523679624978,1.382728968373723,0.3038736756843766,15,-262.54988091414657,0.32,0.14285714285714285,0.1
100,0.8125,936.9464830249336,889.9883822751096,959.4074117518921,1068.6265642068352,10252.619612351167,117.93102628402292,0.0,0.8225523679624978,1.3863113173597827,0.30242818148448686,15,-264.1403682589311,0.32,0.14285714285714285,0.1
101,0.8125,936.9464830249336,889.9883822751096,959.4074117518921,1068.6265642068352,10230.348640368333,119.26452657956521,0.0,0.8225523679624978,1.389308909229022,0.3009846752905228,15,-265.4461218175983,0.32,0.14285714285714285,0.1
102,0.8125,936.9464830249336,889.9883822751096,959.4074117518921,1068.6265642068352,10206.080798958583,120.61599329147577,0.0,0.8225523679624978,1.3926457279883557,0.2996720404540934,15,-266.9171395056996,0.32,0.14285714285714285,0.1
103,0.8125,936.9464830249336,889.9883822751096,959.4074117518921,1068.6265642068352,10183.22917883145,121.98249517016788,0.0,0.8225523679624978,1.3957676922122662,0.29840869128338926,15,-268.2843595657409,0.32,0.14285714285714285,0.1
104,0.8125,936.9464830249336,889.9883822751096,959.4074117518921,1068.6265642068352,10158.026200889168,123.369745017199,0.0,0.8225523679624978,1.3992904501493333,0.29714172560439206,15,-269.8435858563798,0.32,0.14285714285714285,0.1
105,0.8125,936.9464830249336,889.9883822751096,959.4074117518921,1068.6265642068352,10129.599205729655,124.78558504060834,0.0,0.8225523679624978,1.403361424956968,0.2958793938985598,15,-271.6617754223436,0.32,0.14285714285714285,0.1
106,0.8125,936.9464830249336,889.9883822751096,959.4074117518921,1068.6265642068352,10110.608748834018,126.20794871983236,0.0,0.8225523679624978,1.4058889849110465,0.29471746070159865,15,-272.7441039788759,0.32,0.14285714285714285,0.1
107,0.8125,936.9464830249336,889.9883822751096,959.4074117518921,1068.6265642068352,10082.868407504615,127.6581790536936,0.0,0.8225523679624978,1.4098856242722149,0.29356486104523344,15,-274.521202173972,0.32,0.14285714285714285,0.1
108,0.8125,936.9464830249336,889.9883822751096,959.4074117518921,1068.6265642068352,10060.382194439573,129.1237876186681,0.0,0.8225523679624978,1.4130228213208598,0.2925017620728182,15,-275.89016497165363,0.32,0.14285714285714285,0.1
109,0.8125,936.9464830249336,889.9883822751096,959.4074117518921,1068.6265642068352,10034.318855410607,130.6139403900941,0.0,0.8225523679624978,1.4167767519576777,0.29149013906883703,15,-277.545918973617,0.32,0.14285714285714285,0.1
110,0.8125,936.9464830249336,889.9883822751096,959.4074117518921,1068.6265642068352,10016.295353961914,132.10881314777143,0.0,0.8225523679624978,1.4191920887603637,0.29051472127486544,15,-278.5753286085533,0.32,0.14285714285714285,0.1
111,0.8125,936.9464830249336,889.9883822751096,959.4074117518921,1068.6265642068352,9994.825561606589,133.6174903985706,0.0,0.8225523679624978,1.4222054718537043,0.2895359326588337,15,-279.88286412654213,0.32,0.14285714285714285,0.1
112,0.8125,936.9464830249336,889.9883822751096,959.4074117518921,1068.6265642068352,9964.093326099863,135.1641580976863,0.0,0.8225523679624978,1.4268111380001893,0.28855418392004684,15,-281.9226960575698,0.32,0.14285714285714285,0.1
113,0.8125,936.9464830249336,889.9883822751096,959.4074117518921,1068.6265642068352,9940.556104656856,136.73037237840694,0.0,0.8225523679624978,1.4302067273252919,0.28763125444747406,15,-283.3993673372305,0.32,0.14285714285714285,0.1
114,0.8125,936.9464830249336,889.9883822751096,959.4074117518921,1068.6265642068352,9920.887127226224,138.30622948318222,0.0,0.8225523679624978,1.4329541051035222,0.2867079078615748,15,-284.57712783348086,0.32,0.14285714285714285,0.1
115,0.8125,936.9464830249336,889.9883822751096,959.4074117518921,1068.6265642068352,9895.06506746445,139.90860673435753,0.0,0.8225523679624978,1.4367793584749908,0.28584096968550626,15,-286.24358119758136,0.32,0.14285714285714285,0.1
116,0.8125,936.9464830249336,889.9883822751096,959.4074117518921,1068.6265642068352,9868.151793378156,141.5408452780774,0.0,0.8225523679624978,1.440812860523865,0.2849708258911984,15,-287.9985114724545,0.32,0.14285714285714285,0.1
117,0.8125,936.9464830249336,889.9883822751096,959.4074117518921,1068.6265642068352,9848.068017532534,143.18443397134558,0.0,0.8225523679624978,1.4436736410323052,0.2840975085348336,15,-289.22001368553464,0.32,0.14285714285714285,0.1
118,0.8125,936.9464830249336,889.9883822751096,959.4074117518921,1068.6265642068352,9823.837862678789,144.85136045905344,0.0,0.8225523679624978,1.447276898137861,0.2832210493520323,15,-290.7720644501439,0.32,0.14285714285714285,0.1
119,0.8125,936.9464830249336,889.9883822751096,959.4074117518921,1068.6265642068352,9801.907902944016,146.53546107310993,0.0,0.8225523679624978,1.4504928202179217,0.2823414797610591,15,-292.14683078498035,0.32,0.14285714285714285,0.1
120,0.8125,936.9464830249336,889.9883822751096,959.4074117518921,1068.6265642068352,9775.875111720768,148.24894079538745,0.0,0.8225523679624978,1.454451566013869,0.2814588308659958,15,-293.8474477280322,0.32,0.14285714285714285,0.1
121,0.8125,936.9464830249336,889.9883822751096,959.4074117518921,1068.6265642068352,9755.7755942612,149.9748421472467,0.0,0.8225523679624978,1.4573741326123628,0.280573133459883,15,-295.0846255181299,0.32,0.14285714285714285,0.1
122,0.8125,936.9464830249336,889.9883822751096,959.4074117518921,1068.6265642068352,9728.05733401128,151.73614300857392,0.0,0.8225523679624978,1.461674094251236,0.27968441802783134,15,-296.9239843883234,0.32,0.14285714285714285,0.1
123,0.8125,936.9464830249336,889.9883822751096,959.4074117518921,1068.6265642068352,9705.250107315665,153.51848264988303,0.0,0.8225523679624978,1.4651123910771173,0.27879271475010026,15,-298.37895896858186,0.32,0.14285714285714285,0.1
124,0.8125,936.9464830249336,889.9883822751096,959.4074117518921,1068.6265642068352,9683.849295928729,155.31797355282657,0.0,0.8225523679624978,1.4683144359012117,0.2778980535051464,15,-299.7267006617368,0.32,0.14285714285714285,0.1
125,0.8125,936.9464830249336,889.9883822751096,959.4074117518921,1068.6265642068352,9656.393231291648,157.15376773414025,0.0,0.8225523679624978,1.4726318306418302,0.277000463872642,15,-301.55296004640894,0.32,0.14285714285714285,0.1
126,0.8125,936.9464830249336,889.9883822751096,959.4074117518921,1068.6265642068352,9641.587662050335,158.98658316546585,0.0,0.8225523679624978,1.4746643062312241,0.2760999751364627,15,-302.38756857177026,0.32,0.14285714285714285,0.1
127,0.8125,936.9464830249336,889.9883822751096,959.4074117518921,1068.6265642068352,9615.31036158742,160.85332316850133,0.0,0.8225523679624978,1.47880972973995,0.2752101706366751,15,-304.1284451491782,0.32,0.14285714285714285,0.1
128,0.8125,936.9464830249336,889.9883822751096,959.4074117518921,1068.6265642068352,9589.8974130494,162.75164058011185,0.0,0.8225523679624978,1.4828165355847134,0.2743664703763458,15,-305.80231002922574,0.32,0.14285714285714285,0.1
129,0.8125,936.9464830249336,889.9883822751096,959.4074117518921,1068.6265642068352,9565.52344831952,164.67858022003574,0.0,0.8225523679624978,1.486651052820022,0.2735199571186198,15,-307.3958258204118,0.32,0.14285714285714285,0.1
130,0.8125,936.9464830249336,889.9883822751096,959.4074117518921,1068.6265642068352,9543.77275117197,166.6258728704479,0.0,0.8225523679624978,1.4900171876540118,0.27267065899347115,15,-308.78516481898004,0.32,0.14285714285714285,0.1
131,0.8125,936.9464830249336,889.9883822751096,959.4074117518921,1068.6265642068352,9520.062985646315,168.60056787377567,0.0,0.8225523679624978,1.4937668534647492,0.2718186038495739,15,-310.3308950654101,0.32,0.14285714285714285,0.1
132,0.8125,936.9464830249336,889.9883822751096,959.4074117518921,1068.6265642068352,9496.682216071302,170.60200111452346,0.0,0.8225523679624978,1.4974737796154536,0.2709638192571156,15,-311.85249979432206,0.32,0.14285714285714285,0.1
133,0.8125,936.9464830249336,889.9883822751096,959.4074117518921,1068.6265642068352,9475.084957706871,172.62445116489522,0.0,0.8225523679624978,1.5008632425022608,0.27010633251058197,15,-313.2359725462027,0.32,0.14285714285714285,0.1
134,0.8125,936.9464830249336,889.9883822751096,959.4074117518921,1068.6265642068352,9454.466234155076,174.6649392412841,0.0,0.8225523679624978,1.504085261357015,0.26924617063151357,15,-314.5452132573344,0.32,0.14285714285714285,0.1
135,0.8125,936.9464830249336,889.9883822751096,959.4074117518921,1068.6265642068352,9428.58112044001,176.7427193732328,0.0,0.8225523679624978,1.508326975136545,0.2683833603712359,15,-316.2703704446494,0.32,0.14285714285714285,0.1
136,0.8125,936.9464830249336,889.9883822751096,959.4074117518921,1068.6265642068352,9406.641494358026,178.84400774359582,0.0,0.8225523679624978,1.5118347119042577,0.2675179282135609,15,-317.68630450262066,0.32,0.14285714285714285,0.1
137,0.8125,936.9464830249336,889.9883822751096,959.4074117518921,1068.6265642068352,9382.49052050544,180.97741296340118,0.0,0.8225523679624978,1.5157860029472072,0.26664990037746283,15,-319.277763257755,0.32,0.14285714285714285,0.1
138,0.8125,936.9464830249336,889.9883822751096,959.4074117518921,1068.6265642068352,9360.098966825837,183.13688562270818,0.0,0.8225523679624978,1.5194172490273559,0.2657793028197257,15,-320.73216286503174,0.32,0.14285714285714285,0.1
139,0.8125,936.9464830249336,889.9883822751096,959.4074117518921,1068.6265642068352,9338.48217495044,185.3200005158565,0.0,0.8225523679624978,1.5229169436663779,0.26490616123756583,15,-322.127521254473,0.32,0.14285714285714285,0.1
140,0.8125,936.9464830249336,889.9883822751096,959.4074117518921,1068.6265642068352,9317.828088821418,187.52357204041584,0.0,0.8225523679624978,1.526247357934321,0.26404223308078956,15,-323.4493866988533,0.32,0.14285714285714285,0.1
141,0.8125,936.9464830249336,889.9883822751096,959.4074117518921,1068.6265642068352,9292.898057794253,189.76473234694538,0.0,0.8225523679624978,1.5304336517988413,0.2632265795161148,15,-325.1090011067847,0.32,0.14285714285714285,0.1
142,0.8125,936.9464830249336,889.9883822751096,959.4074117518921,1068.6265642068352,9269.871625268977,192.03651328798034,0.0,0.8225523679624978,1.5342659062097543,0.26240845748708674,15,-326.6195487898137,0.32,0.14285714285714285,0.1
143,0.8125,936.9464830249336,889.9883822751096,959.4074117518921,1068.6265642068352,9246.756412941919,194.33980939601173,0.0,0.8225523679624978,1.5381354710878636,0.26158789167834895,15,-328.13818362431726,0.32,0.14285714285714285,0.1
144,0.8125,936.9464830249336,889.9883822751096,959.4074117518921,1068.6265642068352,9225.436221763255,196.66787605191544,0.0,0.8225523679624978,1.5416677542665793,0.26077000233366565,15,-329.517059679961,0.32,0.14285714285714285,0.1
145,0.8125,936.9464830249336,889.9883822751096,959.4074117518921,1068.6265642068352,9203.353263896013,199.0243980011567,0.0,0.8225523679624978,1.5453713033067518,0.2600071220345218,15,-330.9575946358228,0.32,0.14285714285714285,0.1
146,0.8125,936.9464830249336,889.9883822751096,959.4074117518921,1068.6265642068352,9181.392449360616,201.40941821854003,0.0,0.8225523679624978,1.5490696642764206,0.2592418705383693,15,-332.3899375066383,0.32,0.14285714285714285,0.1
147,0.8125,936.9464830249336,889.9883822751096,959.4074117518921,1068.6265642068352,9157.256056139142,203.83272530513418,0.0,0.8225523679624978,1.5532266104999795,0.25847427155717845,15,-333.99429635770406,0.32,0.14285714285714285,0.1
148,0.8125,936.9464830249336,889.9883822751096,959.4074117518921,1068.6265642068352,9134.456789653943,206.28915563011034,0.0,0.8225523679624978,1.5571333479705802,0.2577043485657994,15,-335.49406295340776,0.32,0.14285714285714285,0.1
149,0.8125,936.9464830249336,889.9883822751096,959.4074117518921,1068.6265642068352,9114.909316243684,208.76509791886664,0.0,0.8225523679624978,1.5603972902264618,0.2569321248043342,15,-336.7396874264868,0.32,0.14285714285714285,0.1
