,Unemployment Rate,Average Wage,Low Skill Wage,Medium Skill Wage,High Skill Wage,GDP,Price Level,AI Adoption Rate,Gini Coefficient,Labor Share,Capital Share,Average Productivity,Total Employment,Average Firm Profit,Low Skill Employment Rate,Medium Skill Employment Rate,High Skill Employment Rate,Total Consumption,Wealth Gini,Top 10% Income Share,Median Worker Savings
0,0.9533333333333334,350.96844308365354,328.9604448995354,352.5844199306627,388.5205320638529,0.0,100.0,0.0,0.0,0.0,0.0,0.5665873038043144,7,-449.32698270838364,0.047619047619047616,0.05,0.03571428571428571,0.0,0.1773299879350374,0.0,10138.318007699127
1,0.9,369.0094563466834,336.1737716071664,368.823411277627,402.40327629336963,2593.125003535688,88.42192388830101,0.0,0.954740828462797,0.19110924773575613,0.8088907522642439,0.5620506432931259,15,-10.917204529406836,0.07142857142857142,0.1125,0.10714285714285714,1842.5843261891807,0.17772796534957136,1.0,10118.318007699127
2,0.88,379.2575938402513,336.1737716071664,378.82691026128236,412.7548403572292,5554.236245996857,78.5158658087506,0.0,0.9039967111866465,0.22399164116743103,0.776008358832569,0.5579942584141074,18,361.3246796863855,0.07142857142857142,0.1375,0.14285714285714285,4151.356383900187,0.17775569234726496,1.0,10098.318007699127
3,0.86,389.77699114343403,359.77706718810003,391.9376295254461,412.7548403572292,6585.553283555993,69.9810079865408,0.0,0.8859946087872668,0.254373313314528,0.7456266866854719,0.5540928354021968,21,414.5991684105054,0.09523809523809523,0.1625,0.14285714285714285,5119.977516843391,0.17774927344645897,0.8528138946237742,10142.12128127084
4,0.8466666666666667,398.8378946641224,382.4886697679108,400.70063335759625,412.7548403572292,7508.65438371937,62.68400274060042,0.0,0.8683227215858023,0.29767902839963883,0.7023209716003611,0.5503866064460049,23,405.5617986813478,0.11904761904761904,0.175,0.14285714285714285,6138.987610509085,0.17767277771486567,0.749354895787484,10185.924554842553
5,0.8333333333333334,412.6838074672901,382.4886697679108,400.70063335759625,465.80716180605896,8120.466540318513,56.47402598881034,0.0,0.8573035972466148,0.34556921467353435,0.6544307853264657,0.546813728161129,25,345.98004975360095,0.11904761904761904,0.175,0.21428571428571427,6879.953682956111,0.1776941396990328,0.6966181996972758,10169.744914750725
6,0.8333333333333334,412.6838074672901,382.4886697679108,400.70063335759625,465.80716180605896,8998.277073281439,51.16989921256602,0.0,0.8479368435620567,0.38839068510694985,0.6116093148930501,0.543322829582345,25,318.1273161052442,0.11904761904761904,0.175,0.21428571428571427,7737.82139001169,0.17783074940465737,0.6565850484133279,10179.6290660318
7,0.8333333333333334,412.6838074672901,382.4886697679108,400.70063335759625,465.80716180605896,8915.060055685897,46.640470358456334,0.0,0.8479368435620567,0.43235666308590026,0.5676433369140997,0.5398251733226819,25,226.42583717458223,0.11904761904761904,0.175,0.21428571428571427,7737.82139001169,0.17800725067224654,0.6565850484133279,10216.960585367233
8,0.8333333333333334,412.6838074672901,382.4886697679108,400.70063335759625,465.80716180605896,8881.234353632617,42.789609161169274,0.0,0.8479368435620567,0.4791316762036949,0.5208683237963051,0.5363208269589492,25,148.83544131735005,0.11904761904761904,0.175,0.21428571428571427,7737.82139001169,0.17821525032183017,0.6565850484133279,10254.292104702663
9,0.8333333333333334,412.6838074672901,382.4886697679108,400.70063335759625,465.80716180605896,8885.71815541702,39.527280411027476,0.0,0.8479368435620567,0.5274076589066561,0.4725923410933439,0.5328098573921869,25,84.85833084930539,0.11904761904761904,0.175,0.21428571428571427,7737.82139001169,0.17845733960955767,0.6565850484133279,10247.646537898147
10,0.8333333333333334,412.6838074672901,382.4886697679108,400.70063335759625,465.80716180605896,8934.514061387446,36.78644682444331,0.0,0.8479368435620567,0.5778867498514921,0.42211325014850787,0.5292923308544255,25,30.669421817795286,0.11904761904761904,0.175,0.21428571428571427,7737.82139001169,0.1787342257598501,0.6565850484133279,10251.860440236069
11,0.8333333333333334,412.6838074672901,382.4886697679108,400.70063335759625,465.80716180605896,9026.007149478339,34.49596716847703,0.0,0.8479368435620567,0.6269424818260118,0.37305751817398825,0.525768312915375,25,-11.72338161420148,0.11904761904761904,0.175,0.21428571428571427,7737.82139001169,0.17904116852165775,0.6565850484133279,10274.548137633392
12,0.8333333333333334,412.6838074672901,382.4886697679108,400.70063335759625,465.80716180605896,9148.333739026091,32.59737747497563,0.0,0.8479368435620567,0.6746651555388499,0.32533484446115013,0.5222378684890485,25,-45.45351606184601,0.11904761904761904,0.175,0.21428571428571427,7737.82139001169,0.1793845456716363,0.6565850484133279,10254.548137633392
13,0.8333333333333334,412.6838074672901,382.4886697679108,400.70063335759625,465.80716180605896,9284.08057015896,31.04369648962652,0.0,0.8479368435620567,0.7220241833125746,0.27797581668742544,0.5187010618403185,25,-73.37294736892314,0.11904761904761904,0.175,0.21428571428571427,7737.82139001169,0.17975813068344593,0.6565850484133279,10234.548137633392
14,0.8333333333333334,412.6838074672901,382.4886697679108,400.70063335759625,465.80716180605896,9422.228696223992,29.784727920303148,0.0,0.8479368435620567,0.7665310702659418,0.2334689297340582,0.5151579565914092,25,-94.95947224549056,0.11904761904761904,0.175,0.21428571428571427,7737.82139001169,0.18016513268235257,0.6565850484133279,10214.548137633392
15,0.8333333333333334,412.6838074672901,382.4886697679108,400.70063335759625,465.80716180605896,9550.548557856482,28.775638765670553,0.0,0.8479368435620567,0.8079387025162889,0.19206129748371115,0.5116086157283218,25,-111.52736323691799,0.11904761904761904,0.175,0.21428571428571427,7737.82139001169,0.18060006574724996,0.6565850484133279,10194.548137633392
16,0.8333333333333334,412.6838074672901,382.4886697679108,400.70063335759625,465.80716180605896,9664.624538122816,27.97565026891407,0.0,0.8479368435620567,0.8454821356420603,0.15451786435793968,0.5080531016071994,25,-123.73229951411679,0.11904761904761904,0.175,0.21428571428571427,7737.82139001169,0.1810724504904535,0.6565850484133279,10193.89213349102
17,0.8333333333333334,412.6838074672901,382.4886697679108,400.70063335759625,465.80716180605896,9769.40940548716,27.355183448597714,0.0,0.8479368435620567,0.8799543519427728,0.12004564805722717,0.5044914759606215,25,-132.89882144302737,0.11904761904761904,0.175,0.21428571428571427,7737.82139001169,0.181584046278771,0.6565850484133279,10173.89213349102
18,0.8333333333333334,412.6838074672901,382.4886697679108,400.70063335759625,465.80716180605896,9857.338603244621,26.876292281241568,0.0,0.8479368435620567,0.9083036967343284,0.09169630326567157,0.5009237999038417,25,-138.07800165743524,0.11904761904761904,0.175,0.21428571428571427,7737.82139001169,0.18212841006608071,0.6565850484133279,10164.781921181466
19,0.8333333333333334,412.6838074672901,382.4886697679108,400.70063335759625,465.80716180605896,9934.078112071993,26.52153275472525,0.0,0.8479368435620567,0.93466258707441,0.06533741292559003,0.49737943028583126,25,-141.9052023673646,0.11904761904761904,0.175,0.21428571428571427,7737.82139001169,0.18270395292790065,0.6565850484133279,10144.781921181466
20,0.8333333333333334,412.6838074672901,382.4886697679108,400.70063335759625,465.80716180605896,9997.977047917708,26.27263634537288,0.0,0.8479368435620567,0.9582783605027396,0.04172163949726038,0.4938331676492485,25,-144.24929538932827,0.11904761904761904,0.175,0.21428571428571427,7737.82139001169,0.18330977793071646,0.6565850484133279,10124.781921181466
21,0.8333333333333334,412.6838074672901,382.4886697679108,400.70063335759625,465.80716180605896,10048.51327188633,26.110079784525176,0.0,0.8479368435620567,0.978286738328596,0.02171326167140397,0.49031176238863955,25,-144.94681555184397,0.11904761904761904,0.175,0.21428571428571427,7737.82139001169,0.18394089373259614,0.6565850484133279,10125.37827166967
22,0.8333333333333334,412.6838074672901,382.4886697679108,400.70063335759625,465.80716180605896,10089.500641766745,26.023357279300384,0.0,0.8479368435620567,0.9965941473985883,0.0034058526014116852,0.4868067302073333,25,-144.99109826559894,0.11904761904761904,0.175,0.21428571428571427,7737.82139001169,0.18460417217546699,0.6565850484133279,10109.908020302657
23,0.8333333333333334,412.6838074672901,382.4886697679108,400.70063335759625,465.80716180605896,10120.527724242324,25.999904229133474,0.0,0.8479368435620567,1.0,0.0,0.48332850221914486,25,-144.12999926573005,0.11904761904761904,0.175,0.21428571428571427,7737.82139001169,0.18529669903692914,0.6565850484133279,10089.908020302657
24,0.8333333333333334,412.6838074672901,382.4886697679108,400.70063335759625,465.80716180605896,10080.914281386033,26.02288149954103,0.0,0.8479368435620567,1.0,0.0,0.4798591066546979,25,-141.93103860432004,0.11904761904761904,0.175,0.21428571428571427,7737.82139001169,0.18601781823950958,0.6565850484133279,10069.908020302657
25,0.8333333333333334,412.6838074672901,382.4886697679108,400.70063335759625,465.80716180605896,10002.62034420144,26.08132106572658,0.0,0.8479368435620567,1.0,0.0,0.4763872421517208,25,-138.99705769565946,0.11904761904761904,0.175,0.21428571428571427,7737.82139001169,0.18676670532308082,0.6565850484133279,10049.908020302657
26,0.8333333333333334,412.6838074672901,382.4886697679108,400.70063335759625,465.80716180605896,9922.40847032153,26.175692854092386,0.0,0.8479368435620567,1.0,0.0,0.47295371578267925,25,-136.46409429545704,0.11904761904761904,0.175,0.21428571428571427,7737.82139001169,0.187533392757107,0.6565850484133279,10029.908020302657
27,0.8333333333333334,412.6838074672901,382.4886697679108,400.70063335759625,465.80716180605896,9849.452286304913,26.30224899623339,0.0,0.8479368435620567,1.0,0.0,0.4695342373692256,25,-133.8849978546276,0.11904761904761904,0.175,0.21428571428571427,7737.82139001169,0.18832615635677574,0.6565850484133279,10009.908020302657
28,0.8333333333333334,412.6838074672901,382.4886697679108,400.70063335759625,465.80716180605896,9786.007226784961,26.45608213218953,0.0,0.8479368435620567,1.0,0.0,0.46613950326396614,25,-131.13929053459913,0.11904761904761904,0.175,0.21428571428571427,7737.82139001169,0.1891486655917909,0.6565850484133279,9989.908020302657
29,0.8333333333333334,412.6838074672901,382.4886697679108,400.70063335759625,465.80716180605896,9737.661309541309,26.629434609881447,0.0,0.8479368435620567,1.0,0.0,0.46274246913760675,25,-127.95194830993957,0.11904761904761904,0.175,0.21428571428571427,7737.82139001169,0.1900031164820486,0.6565850484133279,9969.908020302657
30,0.8333333333333334,412.6838074672901,382.4886697679108,400.70063335759625,465.80716180605896,9687.381925192109,26.823225589682735,0.0,0.8479368435620567,1.0,0.0,0.4593400720191781,25,-125.11544134488656,0.11904761904761904,0.175,0.21428571428571427,7737.82139001169,0.19087844915879137,0.6565850484133279,9949.908020302657
31,0.8333333333333334,412.6838074672901,382.4886697679108,400.70063335759625,465.80716180605896,9651.40359839188,27.02991221231348,0.0,0.8479368435620567,1.0,0.0,0.4559357232333366,25,-121.8510433302166,0.11904761904761904,0.175,0.21428571428571427,7737.82139001169,0.19177848920341134,0.6565850484133279,9929.908020302657
32,0.8333333333333334,412.6838074672901,382.4886697679108,400.70063335759625,465.80716180605896,9613.370547701848,27.250541252329533,0.0,0.8479368435620567,1.0,0.0,0.4525814267632384,25,-118.92052317316062,0.11904761904761904,0.175,0.21428571428571427,7737.82139001169,0.19269491317327847,0.6565850484133279,9909.908020302657
33,0.8333333333333334,412.6838074672901,382.4886697679108,400.70063335759625,465.80716180605896,9581.665103805584,27.481709898612355,0.0,0.8479368435620567,1.0,0.0,0.449263260308291,25,-115.91692027050682,0.11904761904761904,0.175,0.21428571428571427,7737.82139001169,0.19363091097974583,0.6565850484133279,9889.908020302657
34,0.8333333333333334,412.6838074672901,382.4886697679108,400.70063335759625,465.80716180605896,9543.35296264305,27.726943967447603,0.0,0.8479368435620567,1.0,0.0,0.44595748484952785,25,-113.43850140418003,0.11904761904761904,0.175,0.21428571428571427,7737.82139001169,0.19458183551738917,0.6565850484133279,9869.908020302657
35,0.8333333333333334,412.6838074672901,382.4886697679108,400.70063335759625,465.80716180605896,9517.930639780081,27.97917779918752,0.0,0.8479368435620567,1.0,0.0,0.4426794015837434,25,-110.55623351179344,0.11904761904761904,0.175,0.21428571428571427,7737.82139001169,0.195556476610796,0.6565850484133279,9868.787615399058
36,0.8333333333333334,412.6838074672901,382.4886697679108,400.70063335759625,465.80716180605896,9494.801117770954,28.23711733676973,0.0,0.8479368435620567,1.0,0.0,0.4394126008240077,25,-107.76128914616429,0.11904761904761904,0.175,0.21428571428571427,7737.82139001169,0.19656204985820658,0.6565850484133279,9851.685384425891
37,0.8333333333333334,412.6838074672901,382.4886697679108,400.70063335759625,465.80716180605896,9462.825889058402,28.505749038734837,0.0,0.8479368435620567,1.0,0.0,0.4361559795529248,25,-105.5686613540733,0.11904761904761904,0.175,0.21428571428571427,7737.82139001169,0.19759781269908205,0.6565850484133279,9831.685384425891
38,0.8333333333333334,412.6838074672901,382.4886697679108,400.70063335759625,465.80716180605896,9437.473136091965,28.78132961117211,0.0,0.8479368435620567,1.0,0.0,0.43299550749814986,25,-103.23944884930002,0.11904761904761904,0.175,0.21428571428571427,7737.82139001169,0.19865829737058127,0.6565850484133279,9811.685384425891
39,0.8333333333333334,412.6838074672901,382.4886697679108,400.70063335759625,465.80716180605896,9412.424275915379,29.063684299995952,0.0,0.8479368435620567,1.0,0.0,0.42987777927390664,25,-101.06328154294717,0.11904761904761904,0.175,0.21428571428571427,7737.82139001169,0.1997432753845938,0.6565850484133279,9791.685384425891
40,0.8333333333333334,412.6838074672901,382.4886697679108,400.70063335759625,465.80716180605896,9391.20892567333,29.350565686027345,0.0,0.8479368435620567,1.0,0.0,0.4268476985886207,25,-98.86575457880848,0.11904761904761904,0.175,0.21428571428571427,7737.82139001169,0.2008424407879026,0.6565850484133279,9771.685384425891
41,0.8333333333333334,412.6838074672901,382.4886697679108,400.70063335759625,465.80716180605896,9360.790550299467,29.647524408689385,0.0,0.8479368435620567,1.0,0.0,0.4239360492584353,25,-97.25408198302402,0.11904761904761904,0.175,0.21428571428571427,7737.82139001169,0.20196087264863505,0.6565850484133279,9751.685384425891
42,0.8333333333333334,412.6838074672901,382.4886697679108,400.70063335759625,465.80716180605896,9343.756985366084,29.946488995604668,0.0,0.8479368435620567,1.0,0.0,0.42108740906488573,25,-95.15452282699798,0.11904761904761904,0.175,0.21428571428571427,7737.82139001169,0.20310655874738082,0.6565850484133279,9753.286032500677
43,0.8333333333333334,412.6838074672901,382.4886697679108,400.70063335759625,465.80716180605896,9320.052130818107,30.251580112619372,0.0,0.8479368435620567,1.0,0.0,0.4182811747309859,25,-93.50759093552242,0.11904761904761904,0.175,0.21428571428571427,7737.82139001169,0.20427037309098073,0.6565850484133279,9733.286032500677
44,0.8333333333333334,412.6838074672901,382.4886697679108,400.70063335759625,465.80716180605896,9295.855013962037,30.56316891735817,0.0,0.8479368435620567,1.0,0.0,0.41547575667786507,25,-92.01411303982513,0.11904761904761904,0.175,0.21428571428571427,7737.82139001169,0.2054475307023893,0.6565850484133279,9713.286032500677
45,0.8333333333333334,412.6838074672901,382.4886697679108,400.70063335759625,465.80716180605896,9282.151670443123,30.874780045556303,0.0,0.8479368435620567,1.0,0.0,0.41271776557717404,25,-90.15095092529411,0.11904761904761904,0.175,0.21428571428571427,7737.82139001169,0.20664294658166238,0.6565850484133279,9693.286032500677
46,0.8333333333333334,412.6838074672901,382.4886697679108,400.70063335759625,465.80716180605896,9263.06309617143,31.19002998105946,0.0,0.8479368435620567,1.0,0.0,0.4100286169130304,25,-88.66288124172884,0.11904761904761904,0.175,0.21428571428571427,7737.82139001169,0.20785946067973438,0.6565850484133279,9673.286032500677
47,0.8333333333333334,412.6838074672901,382.4886697679108,400.70063335759625,465.80716180605896,9237.854584846891,31.51270363010085,0.0,0.8479368435620567,1.0,0.0,0.4073761659815055,25,-87.57305628102515,0.11904761904761904,0.175,0.21428571428571427,7737.82139001169,0.20910225167225915,0.6565850484133279,9682.819153894423
48,0.8333333333333334,412.6838074672901,382.4886697679108,400.70063335759625,465.80716180605896,9214.57334188048,31.841682447380997,0.0,0.8479368435620567,1.0,0.0,0.4047423486926427,25,-86.49884591190337,0.11904761904761904,0.175,0.21428571428571427,7737.82139001169,0.210369267658435,0.6565850484133279,9681.813331839425
49,0.8333333333333334,412.6838074672901,382.4886697679108,400.70063335759625,465.80716180605896,9195.172882078223,32.17453881629703,0.0,0.8479368435620567,1.0,0.0,0.40214838729523356,25,-85.34349046322322,0.11904761904761904,0.175,0.21428571428571427,7737.82139001169,0.21165005883678134,0.6565850484133279,9661.813331839425
50,0.8333333333333334,412.6838074672901,382.4886697679108,400.70063335759625,465.80716180605896,9164.754095925347,32.51849536600059,0.0,0.8479368435620567,1.0,0.0,0.39960172198354393,25,-84.80080016630036,0.11904761904761904,0.175,0.21428571428571427,7737.82139001169,0.21294226017806706,0.6565850484133279,9641.813331839425
51,0.8333333333333334,412.6838074672901,382.4886697679108,400.70063335759625,465.80716180605896,9149.059035816015,32.8637066504922,0.0,0.8479368435620567,1.0,0.0,0.39706496916633327,25,-83.65500234676536,0.11904761904761904,0.175,0.21428571428571427,7737.82139001169,0.2142444506515675,0.6565850484133279,9621.813331839425
52,0.8333333333333334,412.6838074672901,382.4886697679108,400.70063335759625,465.80716180605896,9129.98693806698,33.212540202702364,0.0,0.8479368435620567,1.0,0.0,0.3945239172106281,25,-82.75619254680596,0.11904761904761904,0.175,0.21428571428571427,7737.82139001169,0.2155586590804499,0.6565850484133279,9601.813331839425
53,0.8333333333333334,412.6838074672901,382.4886697679108,400.70063335759625,465.80716180605896,9114.588552612575,33.562583187979364,0.0,0.8479368435620567,1.0,0.0,0.391978609107813,25,-81.76833306383084,0.11904761904761904,0.175,0.21428571428571427,7737.82139001169,0.21688630329395453,0.6565850484133279,9581.813331839425
54,0.8333333333333334,412.6838074672901,382.4886697679108,400.70063335759625,465.80716180605896,9086.530696928176,33.922629664289886,0.0,0.8479368435620567,1.0,0.0,0.38942908741935983,25,-81.45394302583908,0.11904761904761904,0.175,0.21428571428571427,7737.82139001169,0.21823636470079522,0.6565850484133279,9572.179241156664
55,0.8333333333333334,412.6838074672901,382.4886697679108,400.70063335759625,465.80716180605896,9066.413062273345,34.28722282201361,0.0,0.8479368435620567,1.0,0.0,0.3869083813344561,25,-80.83991363277197,0.11904761904761904,0.175,0.21428571428571427,7737.82139001169,0.2196045688083066,0.6565850484133279,9616.305185156974
56,0.8333333333333334,412.6838074672901,382.4886697679108,400.70063335759625,465.80716180605896,9046.577001824782,34.65611475862719,0.0,0.8479368435620567,1.0,0.0,0.3843838917942698,25,-80.2823996798838,0.11904761904761904,0.175,0.21428571428571427,7737.82139001169,0.2209868923382987,0.6565850484133279,9654.668338803447
57,0.8333333333333334,412.6838074672901,382.4886697679108,400.70063335759625,465.80716180605896,9023.54212431633,35.0317276442598,0.0,0.8479368435620567,1.0,0.0,0.38185531381615156,25,-79.94292383014937,0.11904761904761904,0.175,0.21428571428571427,7737.82139001169,0.22238170221338938,0.6565850484133279,9671.683889177937
58,0.8333333333333334,412.6838074672901,382.4886697679108,400.70063335759625,465.80716180605896,9004.329505292306,35.411217419082156,0.0,0.8479368435620567,1.0,0.0,0.37932268828448196,25,-79.48608242494969,0.11904761904761904,0.175,0.21428571428571427,7737.82139001169,0.22378872968589492,0.6565850484133279,9651.683889177937
59,0.8333333333333334,412.6838074672901,382.4886697679108,400.70063335759625,465.80716180605896,8982.166348447721,35.7970094770748,0.0,0.8479368435620567,1.0,0.0,0.3767860556747947,25,-79.23046029321875,0.11904761904761904,0.175,0.21428571428571427,7737.82139001169,0.22521390737874425,0.6565850484133279,9631.683889177937
60,0.8333333333333334,412.6838074672901,382.4886697679108,400.70063335759625,465.80716180605896,8964.474215020915,36.18565491676052,0.0,0.8479368435620567,1.0,0.0,0.37424545605787163,25,-78.82062460209715,0.11904761904761904,0.175,0.21428571428571427,7737.82139001169,0.2266545323860769,0.6565850484133279,9611.683889177937
61,0.8333333333333334,412.6838074672901,382.4886697679108,400.70063335759625,465.80716180605896,8945.948056604797,36.57781827813047,0.0,0.8479368435620567,1.0,0.0,0.37170092910378455,25,-78.5050857444894,0.11904761904761904,0.175,0.21428571428571427,7737.82139001169,0.2281129965103923,0.6565850484133279,9635.77215443217
62,0.8333333333333334,412.6838074672901,382.4886697679108,400.70063335759625,465.80716180605896,8921.668541059675,36.97812037075281,0.0,0.8479368435620567,1.0,0.0,0.36915251408590477,25,-78.51321362391255,0.11904761904761904,0.175,0.21428571428571427,7737.82139001169,0.22958251572493782,0.6565850484133279,9631.766716158601
63,0.8333333333333334,412.6838074672901,382.4886697679108,400.70063335759625,465.80716180605896,8899.776780970245,37.38484904497802,0.0,0.8479368435620567,1.0,0.0,0.36660024988487033,25,-78.45838157763424,0.11904761904761904,0.175,0.21428571428571427,7737.82139001169,0.23106325114133153,0.6565850484133279,9611.766716158601
64,0.8333333333333334,412.6838074672901,382.4886697679108,400.70063335759625,465.80716180605896,8886.098553834574,37.79134583707577,0.0,0.8479368435620567,1.0,0.0,0.3640441749925132,25,-78.0625174627821,0.11904761904761904,0.175,0.21428571428571427,7737.82139001169,0.23255226863758938,0.6565850484133279,9591.766716158601
65,0.8333333333333334,412.6838074672901,382.4886697679108,400.70063335759625,465.80716180605896,8859.327943026728,38.20831808132238,0.0,0.8479368435620567,1.0,0.0,0.36148432751574605,25,-78.3287646127011,0.11904761904761904,0.175,0.21428571428571427,7737.82139001169,0.23405212516463503,0.6565850484133279,9571.766716158601
66,0.8333333333333334,412.6838074672901,382.4886697679108,400.70063335759625,465.80716180605896,8842.141803754095,38.6280400450754,0.0,0.8479368435620567,1.0,0.0,0.3589207451804132,25,-78.18572417596484,0.11904761904761904,0.175,0.21428571428571427,7737.82139001169,0.23556514258703976,0.6565850484133279,9551.766716158601
67,0.8333333333333334,412.6838074672901,382.4886697679108,400.70063335759625,465.80716180605896,8823.034903325932,39.05214961668002,0.0,0.8479368435620567,1.0,0.0,0.3563534653351007,25,-78.17378860939466,0.11904761904761904,0.175,0.21428571428571427,7737.82139001169,0.2370887085948481,0.6565850484133279,9531.766716158601
68,0.8333333333333334,412.6838074672901,382.4886697679108,400.70063335759625,465.80716180605896,8800.526494681466,39.48357786636147,0.0,0.8479368435620567,1.0,0.0,0.3537825249549078,25,-78.36018989150176,0.11904761904761904,0.175,0.21428571428571427,7737.82139001169,0.23862186704007504,0.6565850484133279,9511.766716158601
69,0.8333333333333334,412.6838074672901,382.4886697679108,400.70063335759625,465.80716180605896,8780.99653852065,39.91987628507411,0.0,0.8479368435620567,1.0,0.0,0.35120796064518345,25,-78.44247498727985,0.11904761904761904,0.175,0.21428571428571427,7737.82139001169,0.24015837084213798,0.6565850484133279,9491.766716158601
70,0.8333333333333334,412.6838074672901,382.4886697679108,400.70063335759625,465.80716180605896,8755.367416366993,40.366418529443216,0.0,0.8479368435620567,1.0,0.0,0.34862980864522297,25,-78.84622854989365,0.11904761904761904,0.175,0.21428571428571427,7737.82139001169,0.24170058142213557,0.6565850484133279,9471.766716158601
71,0.8333333333333334,412.6838074672901,382.4886697679108,400.70063335759625,465.80716180605896,8737.421562986698,40.81651189952121,0.0,0.8479368435620567,1.0,0.0,0.3460481048319287,25,-78.91996131439271,0.11904761904761904,0.175,0.21428571428571427,7737.82139001169,0.24325114132702952,0.6565850484133279,9451.766716158601
72,0.8333333333333334,412.6838074672901,382.4886697679108,400.70063335759625,465.80716180605896,8719.582063757116,41.270143650459254,0.0,0.8479368435620567,1.0,0.0,0.34346288472343445,25,-79.02053664728915,0.11904761904761904,0.175,0.21428571428571427,7737.82139001169,0.2448125897695954,0.6565850484133279,9431.766716158601
73,0.8333333333333334,412.6838074672901,382.4886697679108,400.70063335759625,465.80716180605896,8694.545171649717,41.73388469823203,0.0,0.8479368435620567,1.0,0.0,0.3408741834826913,25,-79.48961536326168,0.11904761904761904,0.175,0.21428571428571427,7737.82139001169,0.24638378060326338,0.6565850484133279,9411.766716158601
74,0.8333333333333334,412.6838074672901,382.4886697679108,400.70063335759625,465.80716180605896,8678.043920060662,42.200022574209875,0.0,0.8479368435620567,1.0,0.0,0.33828203592102263,25,-79.58439737350228,0.11904761904761904,0.175,0.21428571428571427,7737.82139001169,0.24796212890346636,0.6565850484133279,9391.766716158601
75,0.8333333333333334,412.6838074672901,382.4886697679108,400.70063335759625,465.80716180605896,8653.588809194562,42.67613739911134,0.0,0.8479368435620567,1.0,0.0,0.3356864765016372,25,-80.08174028702435,0.11904761904761904,0.175,0.21428571428571427,7737.82139001169,0.24954673139300398,0.6565850484133279,9371.766716158601
76,0.8333333333333334,412.6838074672901,382.4886697679108,400.70063335759625,465.80716180605896,8637.542877543832,43.15422432384545,0.0,0.8479368435620567,1.0,0.0,0.33308753934311214,25,-80.2065746000049,0.11904761904761904,0.175,0.21428571428571427,7737.82139001169,0.2511364146060009,0.6565850484133279,9351.766716158601
77,0.8333333333333334,412.6838074672901,382.4886697679108,400.70063335759625,465.80716180605896,8615.207893832416,43.64050600899894,0.0,0.8479368435620567,1.0,0.0,0.33048525822283914,25,-80.65341358310584,0.11904761904761904,0.175,0.21428571428571427,7737.82139001169,0.2527328501426065,0.6565850484133279,9331.766716158601
78,0.8333333333333334,412.6838074672901,382.4886697679108,400.70063335759625,465.80716180605896,8593.424542680421,44.13453100402017,0.0,0.8479368435620567,1.0,0.0,0.32790823674126046,25,-81.09654817236581,0.11904761904761904,0.175,0.21428571428571427,7737.82139001169,0.25433392212146755,0.6565850484133279,9311.766716158601
79,0.8333333333333334,412.6838074672901,382.4886697679108,400.70063335759625,465.80716180605896,8574.970696443765,44.63318946654618,0.0,0.8479368435620567,1.0,0.0,0.325332701015281,25,-81.40498637035904,0.11904761904761904,0.175,0.21428571428571427,7737.82139001169,0.25594287776310454,0.6565850484133279,9291.766716158601
80,0.8333333333333334,412.6838074672901,382.4886697679108,400.70063335759625,465.80716180605896,8553.493265258943,45.13945308963357,0.0,0.8479368435620567,1.0,0.0,0.3227539206465612,25,-81.87577880537101,0.11904761904761904,0.175,0.21428571428571427,7737.82139001169,0.25755697954798484,0.6565850484133279,9271.766716158601
81,0.8333333333333334,412.6838074672901,382.4886697679108,400.70063335759625,465.80716180605896,8535.226306464685,45.65032164571315,0.0,0.8479368435620567,1.0,0.0,0.3201719280815286,25,-82.21599010448746,0.11904761904761904,0.175,0.21428571428571427,7737.82139001169,0.25917534889404736,0.6565850484133279,9251.766716158601
82,0.8333333333333334,412.6838074672901,382.4886697679108,400.70063335759625,465.80716180605896,8511.519606763977,46.17140065179535,0.0,0.8479368435620567,1.0,0.0,0.31758675544214626,25,-82.83074449322424,0.11904761904761904,0.175,0.21428571428571427,7737.82139001169,0.260801072853591,0.6565850484133279,9231.766716158601
83,0.8333333333333334,412.6838074672901,382.4886697679108,400.70063335759625,465.80716180605896,8495.526777575145,46.69477292263679,0.0,0.8479368435620567,1.0,0.0,0.31501369337232976,25,-83.09946337514333,0.11904761904761904,0.175,0.21428571428571427,7737.82139001169,0.26242889451990137,0.6565850484133279,9211.766716158601
84,0.8333333333333334,412.6838074672901,382.4886697679108,400.70063335759625,465.80716180605896,8475.352017484778,47.2249596463566,0.0,0.8479368435620567,1.0,0.0,0.31248532183327143,25,-83.58302245334488,0.11904761904761904,0.175,0.21428571428571427,7737.82139001169,0.2640610429565713,0.6565850484133279,9191.766716158601
85,0.8333333333333334,412.6838074672901,382.4886697679108,400.70063335759625,465.80716180605896,8455.302122761977,47.761936379022586,0.0,0.8479368435620567,1.0,0.0,0.3099907985064515,25,-84.07674885744899,0.11904761904761904,0.175,0.21428571428571427,7737.82139001169,0.2656940725405734,0.6565850484133279,9171.766716158601
86,0.8333333333333334,412.6838074672901,382.4886697679108,400.70063335759625,465.80716180605896,8433.96749183715,48.30721121704102,0.0,0.8479368435620567,1.0,0.0,0.30749477221150234,25,-84.64620825173242,0.11904761904761904,0.175,0.21428571428571427,7737.82139001169,0.2673316864711144,0.6565850484133279,9151.766716158601
87,0.8333333333333334,412.6838074672901,382.4886697679108,400.70063335759625,465.80716180605896,8412.842663670417,48.86068757015373,0.0,0.8479368435620567,1.0,0.0,0.3050349158312445,25,-85.22007915630599,0.11904761904761904,0.175,0.21428571428571427,7737.82139001169,0.2689728862416738,0.6565850484133279,9131.766716158601
88,0.8333333333333334,412.6838074672901,382.4886697679108,400.70063335759625,465.80716180605896,8392.182658643806,49.42193158497272,0.0,0.8479368435620567,1.0,0.0,0.30264958492768607,25,-85.78536260364206,0.11904761904761904,0.175,0.21428571428571427,7737.82139001169,0.2706167761331244,0.6565850484133279,9111.766716158601
89,0.8333333333333334,412.6838074672901,382.4886697679108,400.70063335759625,465.80716180605896,8373.349119651448,49.98900871402235,0.0,0.8479368435620567,1.0,0.0,0.30036245780274384,25,-86.27776785339132,0.11904761904761904,0.175,0.21428571428571427,7737.82139001169,0.27226405895840977,0.6565850484133279,9091.766716158601
90,0.8333333333333334,412.6838074672901,382.4886697679108,400.70063335759625,465.80716180605896,8352.120831069193,50.56480520550542,0.0,0.8479368435620567,1.0,0.0,0.29808629641274786,25,-86.895772389761,0.11904761904761904,0.175,0.21428571428571427,7737.82139001169,0.273912997741796,0.6565850484133279,9071.766716158601
91,0.8333333333333334,412.6838074672901,382.4886697679108,400.70063335759625,465.80716180605896,8332.514864518764,51.14752128658359,0.0,0.8479368435620567,1.0,0.0,0.2958402838456527,25,-87.4487359071195,0.11904761904761904,0.175,0.21428571428571427,7737.82139001169,0.27556418971143004,0.6565850484133279,9051.766716158601
92,0.8333333333333334,412.6838074672901,382.4886697679108,400.70063335759625,465.80716180605896,8310.685588090124,51.739867585513544,0.0,0.8479368435620567,1.0,0.0,0.29362012578148833,25,-88.1174363754787,0.11904761904761904,0.175,0.21428571428571427,7737.82139001169,0.2772186889622379,0.6565850484133279,9031.766716158601
93,0.8333333333333334,412.6838074672901,382.4886697679108,400.70063335759625,465.80716180605896,8291.25269932289,52.33914444991141,0.0,0.8479368435620567,1.0,0.0,0.2914116457246663,25,-88.68384892959244,0.11904761904761904,0.175,0.21428571428571427,7737.82139001169,0.2788764021969625,0.6565850484133279,9011.766716158601
94,0.8333333333333334,412.6838074672901,382.4886697679108,400.70063335759625,465.80716180605896,8272.488846918463,52.944755277191916,0.0,0.8479368435620567,1.0,0.0,0.2892564296128029,25,-89.2296818995555,0.11904761904761904,0.175,0.21428571428571427,7737.82139001169,0.2805370848969513,0.6565850484133279,8991.766716158601
95,0.8333333333333334,412.6838074672901,382.4886697679108,400.70063335759625,465.80716180605896,8254.588219553289,53.55586476405945,0.0,0.8479368435620567,1.0,0.0,0.2871527957217583,25,-89.74552494372887,0.11904761904761904,0.175,0.21428571428571427,7737.82139001169,0.2822004808326608,0.6565850484133279,8971.766716158601
96,0.8333333333333334,412.6838074672901,382.4886697679108,400.70063335759625,465.80716180605896,8234.105629249856,54.17585757801065,0.0,0.8479368435620567,1.0,0.0,0.28514450709941336,25,-90.39279686158311,0.11904761904761904,0.175,0.21428571428571427,7737.82139001169,0.28386436298076667,0.6565850484133279,8951.766716158601
97,0.8333333333333334,412.6838074672901,382.4886697679108,400.70063335759625,465.80716180605896,8213.2305898966,54.80529392192561,0.0,0.8479368435620567,1.0,0.0,0.2831845873894835,25,-91.06665644510127,0.11904761904761904,0.175,0.21428571428571427,7737.82139001169,0.28553093932127815,0.6565850484133279,8931.766716158601
98,0.8333333333333334,412.6838074672901,382.4886697679108,400.70063335759625,465.80716180605896,8193.171035816018,55.44341712323859,0.0,0.8479368435620567,1.0,0.0,0.2812859829255679,25,-91.71105454650515,0.11904761904761904,0.175,0.21428571428571427,7737.82139001169,0.28720079534750065,0.6565850484133279,8911.766716158601
99,0.8333333333333334,412.6838074672901,382.4886697679108,400.70063335759625,465.80716180605896,8171.891169335224,56.09181089882791,0.0,0.8479368435620567,1.0,0.0,0.27942046950548166,25,-92.41985106386358,0.11904761904761904,0.175,0.21428571428571427,7737.82139001169,0.2888719108132094,0.6565850484133279,8891.766716158601
100,0.8333333333333334,412.6838074672901,382.4886697679108,400.70063335759625,465.80716180605896,8155.080829140581,56.74485765381904,0.0,0.8479368435620567,1.0,0.0,0.2776006627531268,25,-92.92629611742795,0.11904761904761904,0.175,0.21428571428571427,7737.82139001169,0.29054609717634405,0.6565850484133279,8871.766716158601
101,0.8333333333333334,412.6838074672901,382.4886697679108,400.70063335759625,465.80716180605896,8135.134034450986,57.40682734634429,0.0,0.8479368435620567,1.0,0.0,0.2758439389963279,25,-93.58790116621147,0.11904761904761904,0.175,0.21428571428571427,7737.82139001169,0.2922215275096409,0.6565850484133279,8851.766716158601
102,0.8333333333333334,412.6838074672901,382.4886697679108,400.70063335759625,465.80716180605896,8113.654091985691,58.079879236605635,0.0,0.8479368435620567,1.0,0.0,0.27418551429278487,25,-94.32797182641,0.11904761904761904,0.175,0.21428571428571427,7737.82139001169,0.2938974585604266,0.6565850484133279,8831.766716158601
103,0.8333333333333334,412.6838074672901,382.4886697679108,400.70063335759625,465.80716180605896,8093.383113711613,58.76257482336599,0.0,0.8479368435620567,1.0,0.0,0.2725858856356065,25,-95.0175366539777,0.11904761904761904,0.175,0.21428571428571427,7737.82139001169,0.29557361844941354,0.6565850484133279,8811.766716158601
104,0.8333333333333334,412.6838074672901,382.4886697679108,400.70063335759625,465.80716180605896,8074.993293755742,59.45250727558255,0.0,0.8479368435620567,1.0,0.0,0.27113058907022186,25,-95.62497984056512,0.11904761904761904,0.175,0.21428571428571427,7737.82139001169,0.29724960294851255,0.6565850484133279,8791.766716158601
105,0.8333333333333334,412.6838074672901,382.4886697679108,400.70063335759625,465.80716180605896,8054.8204890025745,60.15236533472778,0.0,0.8479368435620567,1.0,0.0,0.2698385907472042,25,-96.32257390849186,0.11904761904761904,0.175,0.21428571428571427,7737.82139001169,0.29892743438753167,0.6565850484133279,8771.766716158601
106,0.8333333333333334,412.6838074672901,382.4886697679108,400.70063335759625,465.80716180605896,8036.064999699902,60.86035306263273,0.0,0.8479368435620567,1.0,0.0,0.2685825581521403,25,-96.95934901225486,0.11904761904761904,0.175,0.21428571428571427,7737.82139001169,0.30060725234296926,0.6565850484133279,8751.766716158601
107,0.8333333333333334,412.6838074672901,382.4886697679108,400.70063335759625,465.80716180605896,8016.625473487552,61.5776315982647,0.0,0.8479368435620567,1.0,0.0,0.26743342973421946,25,-97.63387429439965,0.11904761904761904,0.175,0.21428571428571427,7737.82139001169,0.30228689455333146,0.6565850484133279,8731.766716158601
108,0.8333333333333334,412.6838074672901,382.4886697679108,400.70063335759625,465.80716180605896,7999.53381012518,62.30088511870925,0.0,0.8479368435620567,1.0,0.0,0.2663758603853751,25,-98.2030020633573,0.11904761904761904,0.175,0.21428571428571427,7737.82139001169,0.30396697981159804,0.6565850484133279,8711.766716158601
109,0.8333333333333334,412.6838074672901,382.4886697679108,400.70063335759625,465.80716180605896,7977.92489759696,63.03706703056492,0.0,0.8479368435620567,1.0,0.0,0.2653349512131328,25,-98.99021413133889,0.11904761904761904,0.175,0.21428571428571427,7737.82139001169,0.305647603159781,0.6565850484133279,8691.766716158601
110,0.8333333333333334,412.6838074672901,382.4886697679108,400.70063335759625,465.80716180605896,7957.0381236001,63.7852519804743,0.0,0.8479368435620567,1.0,0.0,0.264417061316486,25,-99.74739273836494,0.11904761904761904,0.175,0.21428571428571427,7737.82139001169,0.30733017077716474,0.6565850484133279,8671.766716158601
111,0.8333333333333334,412.6838074672901,382.4886697679108,400.70063335759625,465.80716180605896,7939.403709480269,64.54058234869785,0.0,0.8479368435620567,1.0,0.0,0.26357720204105534,25,-100.3554721117384,0.11904761904761904,0.175,0.21428571428571427,7737.82139001169,0.3090140739810936,0.6565850484133279,8651.766716158601
112,0.8333333333333334,412.6838074672901,382.4886697679108,400.70063335759625,465.80716180605896,7919.770067408072,65.30636876899538,0.0,0.8479368435620567,1.0,0.0,0.26290071435907314,25,-101.06231544622551,0.11904761904761904,0.175,0.21428571428571427,7737.82139001169,0.310697997240148,0.6565850484133279,8631.766716158601
113,0.8333333333333334,412.6838074672901,382.4886697679108,400.70063335759625,465.80716180605896,7900.78339135726,66.08175967123267,0.0,0.8479368435620567,1.0,0.0,0.2622312634961129,25,-101.74259636850893,0.11904761904761904,0.175,0.21428571428571427,7737.82139001169,0.31238255012477745,0.6565850484133279,8611.766716158601
114,0.8333333333333334,412.6838074672901,382.4886697679108,400.70063335759625,465.80716180605896,7882.205678561918,66.86627419150449,0.0,0.8479368435620567,1.0,0.0,0.2615595071417823,25,-102.40750639997596,0.11904761904761904,0.175,0.21428571428571427,7737.82139001169,0.3140679231362118,0.6565850484133279,8591.766716158601
115,0.8333333333333334,412.6838074672901,382.4886697679108,400.70063335759625,465.80716180605896,7861.646309404467,67.66334148975292,0.0,0.8479368435620567,1.0,0.0,0.2608854683509948,25,-103.16947084202172,0.11904761904761904,0.175,0.21428571428571427,7737.82139001169,0.31575450348679723,0.6565850484133279,8571.766716158601
116,0.8333333333333334,412.6838074672901,382.4886697679108,400.70063335759625,465.80716180605896,7842.543579674146,68.47072993917044,0.0,0.8479368435620567,1.0,0.0,0.2602091699481154,25,-103.86593386169903,0.11904761904761904,0.175,0.21428571428571427,7737.82139001169,0.31744090746784837,0.6565850484133279,8551.766716158601
117,0.8333333333333334,412.6838074672901,382.4886697679108,400.70063335759625,465.80716180605896,7824.863268861409,69.28622927342573,0.0,0.8479368435620567,1.0,0.0,0.2595587339178,25,-104.49876798897729,0.11904761904761904,0.175,0.21428571428571427,7737.82139001169,0.31912713510702884,0.6565850484133279,8531.766716158601
118,0.8333333333333334,412.6838074672901,382.4886697679108,400.70063335759625,465.80716180605896,7804.295380899704,70.11496807766065,0.0,0.8479368435620567,1.0,0.0,0.25891131718647115,25,-105.27104009703154,0.11904761904761904,0.175,0.21428571428571427,7737.82139001169,0.3208134748810676,0.6565850484133279,8511.766716158601
119,0.8333333333333334,412.6838074672901,382.4886697679108,400.70063335759625,465.80716180605896,7785.610678302588,70.95387641325105,0.0,0.8479368435620567,1.0,0.0,0.258291439759636,25,-105.9572452467318,0.11904761904761904,0.175,0.21428571428571427,7737.82139001169,0.3225004139728693,0.6565850484133279,8491.766716158601
120,0.8333333333333334,412.6838074672901,382.4886697679108,400.70063335759625,465.80716180605896,7767.226307440425,71.80262192722928,0.0,0.8479368435620567,1.0,0.0,0.2577056779656597,25,-106.63227954636997,0.11904761904761904,0.175,0.21428571428571427,7737.82139001169,0.3241881410273799,0.6565850484133279,8471.766716158601
121,0.8333333333333334,412.6838074672901,382.4886697679108,400.70063335759625,465.80716180605896,7748.863609793661,72.66136409318595,0.0,0.8479368435620567,1.0,0.0,0.257118415958668,25,-107.3091969940032,0.11904761904761904,0.175,0.21428571428571427,7737.82139001169,0.3258757843005986,0.6565850484133279,8451.766716158601
122,0.8333333333333334,412.6838074672901,382.4886697679108,400.70063335759625,465.80716180605896,7728.536950360566,73.53386393484543,0.0,0.8479368435620567,1.0,0.0,0.2565290265717463,25,-108.08130378113617,0.11904761904761904,0.175,0.21428571428571427,7737.82139001169,0.32756340242535553,0.6565850484133279,8431.766716158601
123,0.8333333333333334,412.6838074672901,382.4886697679108,400.70063335759625,465.80716180605896,7709.77338123367,74.4174580390536,0.0,0.8479368435620567,1.0,0.0,0.2559375310786938,25,-108.78192352296043,0.11904761904761904,0.175,0.21428571428571427,7737.82139001169,0.3292508441366244,0.6565850484133279,8411.766716158601
124,0.8333333333333334,412.6838074672901,382.4886697679108,400.70063335759625,465.80716180605896,7691.779934845341,75.31091838169007,0.0,0.8479368435620567,1.0,0.0,0.2553728192355328,25,-109.44871435777883,0.11904761904761904,0.175,0.21428571428571427,7737.82139001169,0.33093810946206714,0.6565850484133279,8391.766716158601
125,0.8333333333333334,412.6838074672901,382.4886697679108,400.70063335759625,465.80716180605896,7671.997060379087,76.21784206198808,0.0,0.8479368435620567,1.0,0.0,0.2548105078361254,25,-110.20222801723418,0.11904761904761904,0.175,0.21428571428571427,7737.82139001169,0.33262519842933425,0.6565850484133279,8371.766716158601
126,0.8333333333333334,412.6838074672901,382.4886697679108,400.70063335759625,465.80716180605896,7654.954032222123,77.13318533807482,0.0,0.8479368435620567,1.0,0.0,0.25424615288404534,25,-110.82868800460939,0.11904761904761904,0.175,0.21428571428571427,7737.82139001169,0.3343121407880085,0.6565850484133279,8351.766716158601
127,0.8333333333333334,412.6838074672901,382.4886697679108,400.70063335759625,465.80716180605896,7636.291789300286,78.06031455002258,0.0,0.8479368435620567,1.0,0.0,0.2536797748148195,25,-111.53391685893145,0.11904761904761904,0.175,0.21428571428571427,7737.82139001169,0.3359989732595574,0.6565850484133279,8331.766716158601
128,0.8333333333333334,412.6838074672901,382.4886697679108,400.70063335759625,465.80716180605896,7616.925715703229,79.00084126017342,0.0,0.8479368435620567,1.0,0.0,0.2531113938596192,25,-112.27425193531599,0.11904761904761904,0.175,0.21428571428571427,7737.82139001169,0.3376856294458166,0.6565850484133279,8311.766716158601
129,0.8333333333333334,412.6838074672901,382.4886697679108,400.70063335759625,465.80716180605896,7598.825367051008,79.95245346616126,0.0,0.8479368435620567,1.0,0.0,0.25255895910508314,25,-112.95670932553394,0.11904761904761904,0.175,0.21428571428571427,7737.82139001169,0.33937210937441487,0.6565850484133279,8291.766716158601
130,0.8333333333333334,412.6838074672901,382.4886697679108,400.70063335759625,465.80716180605896,7579.699276749528,80.91746341036516,0.0,0.8479368435620567,1.0,0.0,0.252019965597558,25,-113.68940119462444,0.11904761904761904,0.175,0.21428571428571427,7737.82139001169,0.3410584130729837,0.6565850484133279,8271.766716158601
131,0.8333333333333334,412.6838074672901,382.4886697679108,400.70063335759625,465.80716180605896,7560.6165184491865,81.89601476378733,0.0,0.8479368435620567,1.0,0.0,0.2514790286917749,25,-114.42162943974301,0.11904761904761904,0.175,0.21428571428571427,7737.82139001169,0.34274454056914316,0.6565850484133279,8251.766716158601
132,0.8333333333333334,412.6838074672901,382.4886697679108,400.70063335759625,465.80716180605896,7542.627345965924,82.88605265172377,0.0,0.8479368435620567,1.0,0.0,0.2509361678217161,25,-115.10390445299565,0.11904761904761904,0.175,0.21428571428571427,7737.82139001169,0.3444304918905088,0.6565850484133279,8231.766716158601
133,0.8333333333333334,412.6838074672901,382.4886697679108,400.70063335759625,465.80716180605896,7524.026845601146,83.88911173215138,0.0,0.8479368435620567,1.0,0.0,0.25039140222702466,25,-115.81669616816005,0.11904761904761904,0.175,0.21428571428571427,7737.82139001169,0.34611626927267647,0.6565850484133279,8211.766716158601
134,0.8333333333333334,412.6838074672901,382.4886697679108,400.70063335759625,465.80716180605896,7506.520970523306,84.90307200033726,0.0,0.8479368435620567,1.0,0.0,0.24984475095494682,25,-116.47946530543497,0.11904761904761904,0.175,0.21428571428571427,7737.82139001169,0.3478018716933091,0.6565850484133279,8191.766716158601
135,0.8333333333333334,412.6838074672901,382.4886697679108,400.70063335759625,465.80716180605896,7488.041134203987,85.93030361343213,0.0,0.8479368435620567,1.0,0.0,0.24929623286225638,25,-117.18979832452311,0.11904761904761904,0.175,0.21428571428571427,7737.82139001169,0.3494877551967097,0.6565850484133279,8171.766716158601
136,0.8333333333333334,412.6838074672901,382.4886697679108,400.70063335759625,465.80716180605896,7468.405433713736,86.97362067055393,0.0,0.8479368435620567,1.0,0.0,0.24874586661715956,25,-117.95589424752887,0.11904761904761904,0.175,0.21428571428571427,7737.82139001169,0.3511735390545383,0.6565850484133279,8151.766716158601
137,0.8333333333333334,412.6838074672901,382.4886697679108,400.70063335759625,465.80716180605896,7450.150978371068,88.03016851982099,0.0,0.8479368435620567,1.0,0.0,0.24819367070118023,25,-118.65796147409571,0.11904761904761904,0.175,0.21428571428571427,7737.82139001169,0.3528591599965425,0.6565850484133279,8131.766716158601
138,0.8333333333333334,412.6838074672901,382.4886697679108,400.70063335759625,465.80716180605896,7432.003449952489,89.0999572537141,0.0,0.8479368435620567,1.0,0.0,0.24763966341102753,25,-119.3563141521081,0.11904761904761904,0.175,0.21428571428571427,7737.82139001169,0.35454461247316016,0.6565850484133279,8111.766716158601
139,0.8333333333333334,412.6838074672901,382.4886697679108,400.70063335759625,465.80716180605896,7415.417049277119,90.17962264970248,0.0,0.8479368435620567,1.0,0.0,0.24708386286044298,25,-119.98248654773691,0.11904761904761904,0.175,0.21428571428571427,7737.82139001169,0.35623002493835454,0.6565850484133279,8091.766716158601
140,0.8333333333333334,412.6838074672901,382.4886697679108,400.70063335759625,465.80716180605896,7395.331071484816,91.27765402152382,0.0,0.8479368435620567,1.0,0.0,0.2465262869820308,25,-120.77501576457695,0.11904761904761904,0.175,0.21428571428571427,7737.82139001169,0.35791564552254984,0.6565850484133279,8071.766716158601
141,0.8333333333333334,412.6838074672901,382.4886697679108,400.70063335759625,465.80716180605896,7377.784709849088,92.38826086091933,0.0,0.8479368435620567,1.0,0.0,0.24597425510662044,25,-121.44862363527338,0.11904761904761904,0.175,0.21428571428571427,7737.82139001169,0.3596012479160444,0.6565850484133279,8051.766716158601
142,0.8333333333333334,412.6838074672901,382.4886697679108,400.70063335759625,465.80716180605896,7360.177209308378,93.51185677778659,0.0,0.8479368435620567,1.0,0.0,0.24544651498818865,25,-122.12639480007584,0.11904761904761904,0.175,0.21428571428571427,7737.82139001169,0.3612866742815728,0.6565850484133279,8031.766716158601
143,0.8333333333333334,412.6838074672901,382.4886697679108,400.70063335759625,465.80716180605896,7342.246312252713,94.64950598422051,0.0,0.8479368435620567,1.0,0.0,0.24492579150913765,25,-122.82059294245624,0.11904761904761904,0.175,0.21428571428571427,7737.82139001169,0.362971924646706,0.6565850484133279,8011.766716158601
144,0.8333333333333334,412.6838074672901,382.4886697679108,400.70063335759625,465.80716180605896,7323.77851765566,95.80282281370492,0.0,0.8479368435620567,1.0,0.0,0.2444279567523961,25,-123.54111562497674,0.11904761904761904,0.175,0.21428571428571427,7737.82139001169,0.3646569990390116,0.6565850484133279,7991.766716158601
145,0.8333333333333334,412.6838074672901,382.4886697679108,400.70063335759625,465.80716180605896,7304.792753634675,96.97340192065745,0.0,0.8479368435620567,1.0,0.0,0.24392843367655545,25,-124.28686771422085,0.11904761904761904,0.175,0.21428571428571427,7737.82139001169,0.366342132341672,0.6565850484133279,7971.766716158601
146,0.8333333333333334,412.6838074672901,382.4886697679108,400.70063335759625,465.80716180605896,7287.520004305891,98.1571311321513,0.0,0.8479368435620567,1.0,0.0,0.24342723916480627,25,-124.95267130188994,0.11904761904761904,0.175,0.21428571428571427,7737.82139001169,0.36802709239570364,0.6565850484133279,7951.766716158601
147,0.8333333333333334,412.6838074672901,382.4886697679108,400.70063335759625,465.80716180605896,7270.07061481805,99.35475475605861,0.0,0.8479368435620567,1.0,0.0,0.24295068742781117,25,-125.62790957320846,0.11904761904761904,0.175,0.21428571428571427,7737.82139001169,0.369711876534776,0.6565850484133279,7931.766716158601
148,0.8333333333333334,412.6838074672901,382.4886697679108,400.70063335759625,465.80716180605896,7251.014106536029,100.57081434809082,0.0,0.8479368435620567,1.0,0.0,0.2425128666868459,25,-126.3797966363679,0.11904761904761904,0.175,0.21428571428571427,7737.82139001169,0.3713964847864353,0.6565850484133279,7911.766716158601
149,0.8333333333333334,412.6838074672901,382.4886697679108,400.70063335759625,465.80716180605896,7233.8816342200635,101.80044666145957,0.0,0.8479368435620567,1.0,0.0,0.24207342415329036,25,-127.04165166683208,0.11904761904761904,0.175,0.21428571428571427,7737.82139001169,0.3730809171782228,0.6565850484133279,7891.766716158601
150,0.8333333333333334,412.6838074672901,382.4886697679108,400.70063335759625,465.80716180605896,7215.592551166155,103.04709911301312,0.0,0.8479368435620567,1.0,0.0,0.24163237604507032,25,-127.75897238505621,0.11904761904761904,0.175,0.21428571428571427,7737.82139001169,0.3747651737376769,0.6565850484133279,7871.766716158601
151,0.8333333333333334,412.6838074672901,382.4886697679108,400.70063335759625,465.80716180605896,7199.24923017964,104.30569819965083,0.0,0.8479368435620567,1.0,0.0,0.2411897384179324,25,-128.38538513195826,0.11904761904761904,0.175,0.21428571428571427,7737.82139001169,0.37644925449232636,0.6565850484133279,7851.766716158601
152,0.8333333333333334,412.6838074672901,382.4886697679108,400.70063335759625,465.80716180605896,7180.331935272495,105.58376374258312,0.0,0.8479368435620567,1.0,0.0,0.24074552716706607,25,-129.13411039685184,0.11904761904761904,0.175,0.21428571428571427,7737.82139001169,0.37813315946969595,0.6565850484133279,7831.766716158601
153,0.8333333333333334,412.6838074672901,382.4886697679108,400.70063335759625,465.80716180605896,7162.738664377247,106.87784628073543,0.0,0.8479368435620567,1.0,0.0,0.24029975802870823,25,-129.82092084061273,0.11904761904761904,0.175,0.21428571428571427,7737.82139001169,0.3798168886973048,0.6565850484133279,7811.766716158601
154,0.8333333333333334,412.6838074672901,382.4886697679108,400.70063335759625,465.80716180605896,7144.672727286102,108.18962795622701,0.0,0.8479368435620567,1.0,0.0,0.23989572542676535,25,-130.5307262958179,0.11904761904761904,0.175,0.21428571428571427,7737.82139001169,0.3815007990355723,0.6565850484133279,7791.766716158601
155,0.8333333333333334,412.6838074672901,382.4886697679108,400.70063335759625,465.80716180605896,7126.931170345911,109.51848195472185,0.0,0.8479368435620567,1.0,0.0,0.23953025413882434,25,-131.2258479959663,0.11904761904761904,0.175,0.21428571428571427,7737.82139001169,0.3831845897769366,0.6565850484133279,7771.766716158601
156,0.8333333333333334,412.6838074672901,382.4886697679108,400.70063335759625,465.80716180605896,7108.732940595061,110.86609520909754,0.0,0.8479368435620567,1.0,0.0,0.23917990418964494,25,-131.9431067988901,0.11904761904761904,0.175,0.21428571428571427,7737.82139001169,0.3848682048079717,0.6565850484133279,7751.766716158601
157,0.8333333333333334,412.6838074672901,382.4886697679108,400.70063335759625,465.80716180605896,7092.720396500527,112.22620019067121,0.0,0.8479368435620567,1.0,0.0,0.23886686311691344,25,-132.5579949565178,0.11904761904761904,0.175,0.21428571428571427,7737.82139001169,0.38655173707096524,0.6565850484133279,7731.766716158601
158,0.8333333333333334,412.6838074672901,382.4886697679108,400.70063335759625,465.80716180605896,7074.91233415915,113.6046227280318,0.0,0.8479368435620567,1.0,0.0,0.23858020179838932,25,-133.2584679188209,0.11904761904761904,0.175,0.21428571428571427,7737.82139001169,0.3882352193711054,0.6565850484133279,7711.766716158601
159,0.8333333333333334,412.6838074672901,382.4886697679108,400.70063335759625,465.80716180605896,7056.889760556195,115.00237131494626,0.0,0.8479368435620567,1.0,0.0,0.23831420389441496,25,-133.96956160851693,0.11904761904761904,0.175,0.21428571428571427,7737.82139001169,0.38991852602059796,0.6565850484133279,7691.766716158601
160,0.8333333333333334,412.6838074672901,382.4886697679108,400.70063335759625,465.80716180605896,7039.64263173134,116.41734604680403,0.0,0.8479368435620567,1.0,0.0,0.23808410149232614,25,-134.64460343119836,0.11904761904761904,0.175,0.21428571428571427,7737.82139001169,0.3916016570469316,0.6565850484133279,7671.766716158601
161,0.8333333333333334,412.6838074672901,382.4886697679108,400.70063335759625,465.80716180605896,7021.386468858674,117.85312752157564,0.0,0.8479368435620567,1.0,0.0,0.2379127383163494,25,-135.36777064969064,0.11904761904761904,0.175,0.21428571428571427,7737.82139001169,0.39328461247758995,0.6565850484133279,7651.766716158601
162,0.8333333333333334,412.6838074672901,382.4886697679108,400.70063335759625,465.80716180605896,7004.348593622531,119.30611514149021,0.0,0.8479368435620567,1.0,0.0,0.23777252831384435,25,-136.0339289556662,0.11904761904761904,0.175,0.21428571428571427,7737.82139001169,0.3949673923400514,0.6565850484133279,7631.766716158601
163,0.8333333333333334,412.6838074672901,382.4886697679108,400.70063335759625,465.80716180605896,6987.082339842753,120.77741852315263,0.0,0.8479368435620567,1.0,0.0,0.23764534527386008,25,-136.7114909990113,0.11904761904761904,0.175,0.21428571428571427,7737.82139001169,0.3966501332701968,0.6565850484133279,7611.766716158601
164,0.8333333333333334,412.6838074672901,382.4886697679108,400.70063335759625,465.80716180605896,6970.249031918644,122.26595005179918,0.0,0.8479368435620567,1.0,0.0,0.23751676739760896,25,-137.3692405633814,0.11904761904761904,0.175,0.21428571428571427,7737.82139001169,0.39833276968245257,0.6565850484133279,7591.766716158601
165,0.8333333333333334,412.6838074672901,382.4886697679108,400.70063335759625,465.80716180605896,6952.248718210992,123.7760405778439,0.0,0.8479368435620567,1.0,0.0,0.23741070015538354,25,-138.0825685579136,0.11904761904761904,0.175,0.21428571428571427,7737.82139001169,0.4000152305872533,0.6565850484133279,7571.766716158601
166,0.8333333333333334,412.6838074672901,382.4886697679108,400.70063335759625,465.80716180605896,6934.639012642847,125.30672363363095,0.0,0.8479368435620567,1.0,0.0,0.23731270764553655,25,-138.77781065257867,0.11904761904761904,0.175,0.21428571428571427,7737.82139001169,0.4016975160120606,0.6565850484133279,7551.766716158601
167,0.8333333333333334,412.6838074672901,382.4886697679108,400.70063335759625,465.80716180605896,6917.770710474181,126.85578568405921,0.0,0.8479368435620567,1.0,0.0,0.23725910366558328,25,-139.4385567378668,0.11904761904761904,0.175,0.21428571428571427,7737.82139001169,0.4033796259843243,0.6565850484133279,7531.766716158601
168,0.8333333333333334,412.6838074672901,382.4886697679108,400.70063335759625,465.80716180605896,6901.301405470215,128.42218936260596,0.0,0.8479368435620567,1.0,0.0,0.2372609966532255,25,-140.08111505739782,0.11904761904761904,0.175,0.21428571428571427,7737.82139001169,0.4050615605314918,0.6565850484133279,7511.766716158601
169,0.8333333333333334,412.6838074672901,382.4886697679108,400.70063335759625,465.80716180605896,6883.748640520556,130.01022394032447,0.0,0.8479368435620567,1.0,0.0,0.23731505901977723,25,-140.7753370203513,0.11904761904761904,0.175,0.21428571428571427,7737.82139001169,0.4067433196810033,0.6565850484133279,7491.766716158601
170,0.8333333333333334,412.6838074672901,382.4886697679108,400.70063335759625,465.80716180605896,6867.123463510932,131.61689198313655,0.0,0.8479368435620567,1.0,0.0,0.23737840020814158,25,-141.42624396074504,0.11904761904761904,0.175,0.21428571428571427,7737.82139001169,0.4084249034602938,0.6565850484133279,7471.766716158601
171,0.8333333333333334,412.6838074672901,382.4886697679108,400.70063335759625,465.80716180605896,6849.816878574201,133.24511886602744,0.0,0.8479368435620567,1.0,0.0,0.23746485692064695,25,-142.109804535264,0.11904761904761904,0.175,0.21428571428571427,7737.82139001169,0.4101063118967945,0.6565850484133279,7451.766716158601
172,0.8333333333333334,412.6838074672901,382.4886697679108,400.70063335759625,465.80716180605896,6832.318637617348,134.8960348358798,0.0,0.8479368435620567,1.0,0.0,0.23755894428602947,25,-142.80274993581475,0.11904761904761904,0.175,0.21428571428571427,7737.82139001169,0.4117875450179267,0.6565850484133279,7431.766716158601
173,0.8333333333333334,412.6838074672901,382.4886697679108,400.70063335759625,465.80716180605896,6815.988753487853,136.56558385880473,0.0,0.8479368435620567,1.0,0.0,0.23765175744442493,25,-143.44100781095696,0.11904761904761904,0.175,0.21428571428571427,7737.82139001169,0.41346860285110987,0.6565850484133279,7411.766716158601
174,0.8333333333333334,412.6838074672901,382.4886697679108,400.70063335759625,465.80716180605896,6798.214878590211,138.25978360765345,0.0,0.8479368435620567,1.0,0.0,0.2377433091379031,25,-144.14783469102355,0.11904761904761904,0.175,0.21428571428571427,7737.82139001169,0.4151494854237565,0.6565850484133279,7391.766716158601
175,0.8333333333333334,412.6838074672901,382.4886697679108,400.70063335759625,465.80716180605896,6782.172833065603,139.97223721266477,0.0,0.8479368435620567,1.0,0.0,0.23783361198111308,25,-144.77333818036163,0.11904761904761904,0.175,0.21428571428571427,7737.82139001169,0.41683019276327227,0.6565850484133279,7371.766716158601
176,0.8333333333333334,412.6838074672901,382.4886697679108,400.70063335759625,465.80716180605896,6764.637425587771,141.70933724613096,0.0,0.8479368435620567,1.0,0.0,0.23792267846255774,25,-145.46978168905477,0.11904761904761904,0.175,0.21428571428571427,7737.82139001169,0.41851072489705765,0.6565850484133279,7351.766716158601
177,0.8333333333333334,412.6838074672901,382.4886697679108,400.70063335759625,465.80716180605896,6747.922361491954,143.46819308212164,0.0,0.8479368435620567,1.0,0.0,0.23801052094585448,25,-146.12782690389918,0.11904761904761904,0.175,0.21428571428571427,7737.82139001169,0.4201910818525083,0.6565850484133279,7331.766716158601
178,0.8333333333333334,412.6838074672901,382.4886697679108,400.70063335759625,465.80716180605896,6730.9872320798495,145.2501496592879,0.0,0.8479368435620567,1.0,0.0,0.23812355821207992,25,-146.79666055686644,0.11904761904761904,0.175,0.21428571428571427,7737.82139001169,0.4218712636570148,0.6565850484133279,7311.766716158601
179,0.8333333333333334,412.6838074672901,382.4886697679108,400.70063335759625,465.80716180605896,6714.58186902854,147.0534369526523,0.0,0.8479368435620567,1.0,0.0,0.23824232262995906,25,-147.44091428240364,0.11904761904761904,0.175,0.21428571428571427,7737.82139001169,0.42355127033795936,0.6565850484133279,7291.766716158601
180,0.8333333333333334,412.6838074672901,382.4886697679108,400.70063335759625,465.80716180605896,6697.2976025746475,148.88223405481548,0.0,0.8479368435620567,1.0,0.0,0.23835989940365948,25,-148.12701545033354,0.11904761904761904,0.175,0.21428571428571427,7737.82139001169,0.4252311737604775,0.6565850484133279,7271.766716158601
181,0.8333333333333334,412.6838074672901,382.4886697679108,400.70063335759625,465.80716180605896,6680.779558742463,150.73370270898798,0.0,0.8479368435620567,1.0,0.0,0.23847630040962292,25,-148.7772724637679,0.11904761904761904,0.175,0.21428571428571427,7737.82139001169,0.4269109553532813,0.6565850484133279,7251.766716158601
182,0.8333333333333334,412.6838074672901,382.4886697679108,400.70063335759625,465.80716180605896,6663.781155392872,152.6104064390896,0.0,0.8479368435620567,1.0,0.0,0.23859153740552672,25,-149.45055878666182,0.11904761904761904,0.175,0.21428571428571427,7737.82139001169,0.4285905618916066,0.6565850484133279,7231.766716158601
183,0.8333333333333334,412.6838074672901,382.4886697679108,400.70063335759625,465.80716180605896,6647.350134470238,154.51030021473287,0.0,0.8479368435620567,1.0,0.0,0.23870562203147144,25,-150.0974123659267,0.11904761904761904,0.175,0.21428571428571427,7737.82139001169,0.430269993402816,0.6565850484133279,7211.766716158601
184,0.8333333333333334,412.6838074672901,382.4886697679108,400.70063335759625,465.80716180605896,6631.110035010771,156.4329970697486,0.0,0.8479368435620567,1.0,0.0,0.23881856581115676,25,-150.73570049303783,0.11904761904761904,0.175,0.21428571428571427,7737.82139001169,0.4319492499142652,0.6565850484133279,7191.766716158601
185,0.8333333333333334,412.6838074672901,382.4886697679108,400.70063335759625,465.80716180605896,6614.544112985842,158.3804651148182,0.0,0.8479368435620567,1.0,0.0,0.2389303801530452,25,-151.38977754043722,0.11904761904761904,0.175,0.21428571428571427,7737.82139001169,0.43362833145330715,0.6565850484133279,7171.766716158601
186,0.8333333333333334,412.6838074672901,382.4886697679108,400.70063335759625,465.80716180605896,6598.120687084511,160.35253131962293,0.0,0.8479368435620567,1.0,0.0,0.23904107635151475,25,-152.03749176768255,0.11904761904761904,0.175,0.21428571428571427,7737.82139001169,0.4353072380472869,0.6565850484133279,7151.766716158601
187,0.8333333333333334,412.6838074672901,382.4886697679108,400.70063335759625,465.80716180605896,6580.814973284203,162.35384941019018,0.0,0.8479368435620567,1.0,0.0,0.23915066558799963,25,-152.72709455584103,0.11904761904761904,0.175,0.21428571428571427,7737.82139001169,0.43698596972354564,0.6565850484133279,7131.766716158601
188,0.8333333333333334,412.6838074672901,382.4886697679108,400.70063335759625,465.80716180605896,6565.064389307603,164.37749291034743,0.0,0.8479368435620567,1.0,0.0,0.2392591589321196,25,-153.34361403625303,0.11904761904761904,0.175,0.21428571428571427,7737.82139001169,0.43866452650941734,0.6565850484133279,7111.766716158601
189,0.8333333333333334,412.6838074672901,382.4886697679108,400.70063335759625,465.80716180605896,6548.330253256501,166.42873781307608,0.0,0.8479368435620567,1.0,0.0,0.23936656734279846,25,-154.00696060898056,0.11904761904761904,0.175,0.21428571428571427,7737.82139001169,0.440342908432229,0.6565850484133279,7091.766716158601
190,0.8333333333333334,412.6838074672901,382.4886697679108,400.70063335759625,465.80716180605896,6532.556433325324,168.5033706507046,0.0,0.8479368435620567,1.0,0.0,0.23947290166937046,25,-154.6253521371066,0.11904761904761904,0.175,0.21428571428571427,7737.82139001169,0.4420211155193061,0.6565850484133279,7071.766716158601
191,0.8333333333333334,412.6838074672901,382.4886697679108,400.70063335759625,465.80716180605896,6515.885102765605,170.6063953260078,0.0,0.8479368435620567,1.0,0.0,0.23957817265267672,25,-155.2864820165926,0.11904761904761904,0.175,0.21428571428571427,7737.82139001169,0.44369914779796416,0.6565850484133279,7051.766716158601
192,0.8333333333333334,412.6838074672901,382.4886697679108,400.70063335759625,465.80716180605896,6499.767901517471,172.7355321492323,0.0,0.8479368435620567,1.0,0.0,0.23968239092615004,25,-155.9217582534553,0.11904761904761904,0.175,0.21428571428571427,7737.82139001169,0.4453770052955166,0.6565850484133279,7031.766716158601
193,0.8333333333333334,412.6838074672901,382.4886697679108,400.70063335759625,465.80716180605896,6483.836460548147,174.89035664266206,0.0,0.8479368435620567,1.0,0.0,0.23978556701688844,25,-156.54866575480727,0.11904761904761904,0.175,0.21428571428571427,7737.82139001169,0.4470546880392676,0.6565850484133279,7011.766716158601
194,0.8333333333333334,412.6838074672901,382.4886697679108,400.70063335759625,465.80716180605896,6466.658781354565,177.07792883357502,0.0,0.8479368435620567,1.0,0.0,0.23988771134671963,25,-157.2346304432731,0.11904761904761904,0.175,0.21428571428571427,7737.82139001169,0.4487321960565178,0.6565850484133279,6991.766716158601
195,0.8333333333333334,412.6838074672901,382.4886697679108,400.70063335759625,465.80716180605896,6450.563931215766,179.29306481217398,0.0,0.8479368435620567,1.0,0.0,0.23998883423325243,25,-157.8696729570678,0.11904761904761904,0.175,0.21428571428571427,7737.82139001169,0.45040952937456247,0.6565850484133279,6971.766716158601
196,0.8333333333333334,412.6838074672901,382.4886697679108,400.70063335759625,465.80716180605896,6434.897301214968,181.53401301100905,0.0,0.8479368435620567,1.0,0.0,0.24008894589091995,25,-158.48490837502132,0.11904761904761904,0.175,0.21428571428571427,7737.82139001169,0.45208668802069085,0.6565850484133279,6951.766716158601
197,0.8333333333333334,412.6838074672901,382.4886697679108,400.70063335759625,465.80716180605896,6418.365872260362,183.80606508134565,0.0,0.8479368435620567,1.0,0.0,0.24018805643201072,25,-159.14129351359654,0.11904761904761904,0.175,0.21428571428571427,7737.82139001169,0.45376376181975897,0.6565850484133279,6931.766716158601
198,0.8333333333333334,412.6838074672901,382.4886697679108,400.70063335759625,465.80716180605896,6402.435519030067,186.1064629333228,0.0,0.8479368435620567,1.0,0.0,0.24028617586769063,25,-159.76957800529655,0.11904761904761904,0.175,0.21428571428571427,7737.82139001169,0.455440670453892,0.6565850484133279,6911.766716158601
199,0.8333333333333334,412.6838074672901,382.4886697679108,400.70063335759625,465.80716180605896,6386.258145206375,188.43717920783087,0.0,0.8479368435620567,1.0,0.0,0.24038331410901367,25,-160.40983744105694,0.11904761904761904,0.175,0.21428571428571427,7737.82139001169,0.45711740448760607,0.6565850484133279,6891.766716158601
200,0.8333333333333334,412.6838074672901,382.4886697679108,400.70063335759625,465.80716180605896,6370.420364521818,190.79686181421687,0.0,0.8479368435620567,1.0,0.0,0.24047948096792357,25,-161.03438062242864,0.11904761904761904,0.175,0.21428571428571427,7737.82139001169,0.4587922546450247,0.6565850484133279,6871.766716158601
201,0.8333333333333334,412.6838074672901,382.4886697679108,400.70063335759625,465.80716180605896,6354.6199091352255,193.18588790590425,0.0,0.8479368435620567,1.0,0.0,0.24057468615824434,25,-161.65751859928363,0.11904761904761904,0.175,0.21428571428571427,7737.82139001169,0.4604495452966866,0.6565850484133279,6851.766716158601
202,0.8333333333333334,412.6838074672901,382.4886697679108,400.70063335759625,465.80716180605896,6338.690155683024,195.60562186300209,0.0,0.8479368435620567,1.0,0.0,0.24066893929666183,25,-162.28708855968932,0.11904761904761904,0.175,0.21428571428571427,7737.82139001169,0.462106619895601,0.6565850484133279,6831.766716158601
203,0.8333333333333334,412.6838074672901,382.4886697679108,400.70063335759625,465.80716180605896,6322.313776375942,198.05935187739473,0.0,0.8479368435620567,1.0,0.0,0.2407622499036953,25,-162.9379718333497,0.11904761904761904,0.175,0.21428571428571427,7737.82139001169,0.463763536841022,0.6565850484133279,6811.766716158601
204,0.8333333333333334,412.6838074672901,382.4886697679108,400.70063335759625,465.80716180605896,6307.016943010083,200.5411464367333,0.0,0.8479368435620567,1.0,0.0,0.24085462740465832,25,-163.53820749294954,0.11904761904761904,0.175,0.21428571428571427,7737.82139001169,0.46541318725373837,0.6565850484133279,6791.766716158601
205,0.8333333333333334,412.6838074672901,382.4886697679108,400.70063335759625,465.80716180605896,6291.032916570062,203.0558642026685,0.0,0.8479368435620567,1.0,0.0,0.24094608113061175,25,-164.17124068058772,0.11904761904761904,0.175,0.21428571428571427,7737.82139001169,0.46705067719477955,0.6565850484133279,6771.766716158601
206,0.8333333333333334,412.6838074672901,382.4886697679108,400.70063335759625,465.80716180605896,6275.265123357816,205.6027919210221,0.0,0.8479368435620567,1.0,0.0,0.24103662031930567,25,-164.79434020968682,0.11904761904761904,0.175,0.21428571428571427,7737.82139001169,0.4686879307466576,0.6565850484133279,6751.766716158601
207,0.8333333333333334,412.6838074672901,382.4886697679108,400.70063335759625,465.80716180605896,6259.171633047973,208.1846472426484,0.0,0.8479368435620567,1.0,0.0,0.24112625411611263,25,-165.43306085550128,0.11904761904761904,0.175,0.21428571428571427,7737.82139001169,0.4703249741317257,0.6565850484133279,6731.766716158601
208,0.8333333333333334,412.6838074672901,382.4886697679108,400.70063335759625,465.80716180605896,6243.859323830827,210.79705032273236,0.0,0.8479368435620567,1.0,0.0,0.24121499157495152,25,-166.03520811090468,0.11904761904761904,0.175,0.21428571428571427,7737.82139001169,0.47196176122365774,0.6565850484133279,6711.766716158601
209,0.8333333333333334,412.6838074672901,382.4886697679108,400.70063335759625,465.80716180605896,6227.9456642376645,213.44459694014975,0.0,0.8479368435620567,1.0,0.0,0.24130284165920196,25,-166.66605951869883,0.11904761904761904,0.175,0.21428571428571427,7737.82139001169,0.4735982920826407,0.6565850484133279,6691.766716158601
210,0.8333333333333334,412.6838074672901,382.4886697679108,400.70063335759625,465.80716180605896,6212.919039106654,216.12206441836844,0.0,0.8479368435620567,1.0,0.0,0.24138981324261,25,-167.25538337641063,0.11904761904761904,0.175,0.21428571428571427,7737.82139001169,0.4752345667688338,0.6565850484133279,6671.766716158601
211,0.8333333333333334,412.6838074672901,382.4886697679108,400.70063335759625,465.80716180605896,6196.370116713637,218.84039939122783,0.0,0.8479368435620567,1.0,0.0,0.24147591511018385,25,-167.91680667493364,0.11904761904761904,0.175,0.21428571428571427,7737.82139001169,0.47687065721015776,0.6565850484133279,6651.766716158601
212,0.8333333333333334,412.6838074672901,382.4886697679108,400.70063335759625,465.80716180605896,6181.189862241616,221.59093307724658,0.0,0.8479368435620567,1.0,0.0,0.24156115595908204,25,-168.51382618543994,0.11904761904761904,0.175,0.21428571428571427,7737.82139001169,0.4785065650928513,0.6565850484133279,6631.766716158601
213,0.8333333333333334,412.6838074672901,382.4886697679108,400.70063335759625,465.80716180605896,6165.8836628452655,224.37523299408466,0.0,0.8479368435620567,1.0,0.0,0.24164554439949124,25,-169.117170778576,0.11904761904761904,0.175,0.21428571428571427,7737.82139001169,0.48014221696038617,0.6565850484133279,6611.766716158601
214,0.8333333333333334,412.6838074672901,382.4886697679108,400.70063335759625,465.80716180605896,6150.394571095016,227.1952943503062,0.0,0.8479368435620567,1.0,0.0,0.2417290889554963,25,-169.72946761925166,0.11904761904761904,0.175,0.21428571428571427,7737.82139001169,0.4817776128728575,0.6565850484133279,6591.766716158601
215,0.8333333333333334,412.6838074672901,382.4886697679108,400.70063335759625,465.80716180605896,6135.314190703045,230.048903918973,0.0,0.8479368435620567,1.0,0.0,0.24181179806594136,25,-170.3228095615049,0.11904761904761904,0.175,0.21428571428571427,7737.82139001169,0.48341275289033936,0.6565850484133279,6571.766716158601
216,0.8333333333333334,412.6838074672901,382.4886697679108,400.70063335759625,465.80716180605896,6119.264048649301,232.94383821786235,0.0,0.8479368435620567,1.0,0.0,0.241893680085282,25,-170.96217222776548,0.11904761904761904,0.175,0.21428571428571427,7737.82139001169,0.48504763707288956,0.6565850484133279,6551.766716158601
217,0.8333333333333334,412.6838074672901,382.4886697679108,400.70063335759625,465.80716180605896,6103.768043249794,235.87675660349612,0.0,0.8479368435620567,1.0,0.0,0.24197474328442914,25,-171.5755473599687,0.11904761904761904,0.175,0.21428571428571427,7737.82139001169,0.48668226548054205,0.6565850484133279,6531.766716158601
218,0.8333333333333334,412.6838074672901,382.4886697679108,400.70063335759625,465.80716180605896,6088.415066272174,238.84733721709682,0.0,0.8479368435620567,1.0,0.0,0.24205499585158483,25,-172.18243716054496,0.11904761904761904,0.175,0.21428571428571427,7737.82139001169,0.48831663817331883,0.6565850484133279,6511.766716158601
219,0.8333333333333334,412.6838074672901,382.4886697679108,400.70063335759625,465.80716180605896,6073.492753757846,241.85305793724825,0.0,0.8479368435620567,1.0,0.0,0.24213444589306904,25,-172.76933691300178,0.11904761904761904,0.175,0.21428571428571427,7737.82139001169,0.4899507552112179,0.6565850484133279,6491.766716158601
220,0.8333333333333334,412.6838074672901,382.4886697679108,400.70063335759625,465.80716180605896,6057.972381587672,244.8992992951515,0.0,0.8479368435620567,1.0,0.0,0.24221310143413835,25,-173.3847699471458,0.11904761904761904,0.175,0.21428571428571427,7737.82139001169,0.4915846166542224,0.6565850484133279,6471.766716158601
221,0.8333333333333334,412.6838074672901,382.4886697679108,400.70063335759625,465.80716180605896,6042.650051354165,247.98529147412867,0.0,0.8479368435620567,1.0,0.0,0.24229097041979689,25,-173.99108423274953,0.11904761904761904,0.175,0.21428571428571427,7737.82139001169,0.4932182378664878,0.6565850484133279,6451.766716158601
222,0.8333333333333334,412.6838074672901,382.4886697679108,400.70063335759625,465.80716180605896,6027.539703411651,251.1101359169746,0.0,0.8479368435620567,1.0,0.0,0.24236806071559902,25,-174.58767254575355,0.11904761904761904,0.175,0.21428571428571427,7737.82139001169,0.49485152891161444,0.6565850484133279,6431.766716158601
223,0.8333333333333334,412.6838074672901,382.4886697679108,400.70063335759625,465.80716180605896,6012.213902430551,254.2763714946965,0.0,0.8479368435620567,1.0,0.0,0.24244438010844302,25,-175.19470033496543,0.11904761904761904,0.175,0.21428571428571427,7737.82139001169,0.49646591024732656,0.6565850484133279,6411.766716158601
224,0.8333333333333334,412.6838074672901,382.4886697679108,400.70063335759625,465.80716180605896,5997.13520175028,257.4827830461259,0.0,0.8479368435620567,1.0,0.0,0.24251993630735863,25,-175.79032590105717,0.11904761904761904,0.175,0.21428571428571427,7737.82139001169,0.49808013809573404,0.6565850484133279,6391.766716158601
225,0.8333333333333334,412.6838074672901,382.4886697679108,400.70063335759625,465.80716180605896,5982.185808865702,260.7291108846076,0.0,0.8479368435620567,1.0,0.0,0.24259473694428502,25,-176.3801543714304,0.11904761904761904,0.175,0.21428571428571427,7737.82139001169,0.4996940712501603,0.6565850484133279,6371.766716158601
226,0.8333333333333334,412.6838074672901,382.4886697679108,400.70063335759625,465.80716180605896,5967.020970378652,264.0180043776808,0.0,0.8479368435620567,1.0,0.0,0.2426687895748422,25,-176.98043490342462,0.11904761904761904,0.175,0.21428571428571427,7737.82139001169,0.5013077097912955,0.6565850484133279,6351.766716158601
227,0.8333333333333334,412.6838074672901,382.4886697679108,400.70063335759625,465.80716180605896,5952.018844471329,267.34891023589375,0.0,0.8479368435620567,1.0,0.0,0.2427421016790938,25,-177.57329682404085,0.11904761904761904,0.175,0.21428571428571427,7737.82139001169,0.5029210537998017,0.6565850484133279,6331.766716158601
228,0.8333333333333334,412.6838074672901,382.4886697679108,400.70063335759625,465.80716180605896,5937.095793445763,270.7219905333776,0.0,0.8479368435620567,1.0,0.0,0.24281468066230286,25,-178.1627131525578,0.11904761904761904,0.175,0.21428571428571427,7737.82139001169,0.5045341803660133,0.6565850484133279,6311.766716158601
229,0.8333333333333334,412.6838074672901,382.4886697679108,400.70063335759625,465.80716180605896,5921.413116603441,274.144834964657,0.0,0.8479368435620567,1.0,0.0,0.24288653385567982,25,-178.78816365873533,0.11904761904761904,0.175,0.21428571428571427,7737.82139001169,0.5061473317172216,0.6565850484133279,6291.766716158601
230,0.8333333333333334,412.6838074672901,382.4886697679108,400.70063335759625,465.80716180605896,5907.2364886456,277.60480359252057,0.0,0.8479368435620567,1.0,0.0,0.242957668517123,25,-179.34279744986668,0.11904761904761904,0.175,0.21428571428571427,7737.82139001169,0.5077602557543279,0.6565850484133279,6271.766716158601
231,0.8333333333333334,412.6838074672901,382.4886697679108,400.70063335759625,465.80716180605896,5892.228295646376,281.1103487436676,0.0,0.8479368435620567,1.0,0.0,0.2430280918319518,25,-179.93705198061113,0.11904761904761904,0.175,0.21428571428571427,7737.82139001169,0.5093729523864956,0.6565850484133279,6251.766716158601
232,0.8333333333333334,412.6838074672901,382.4886697679108,400.70063335759625,465.80716180605896,5877.410891457625,284.6606053071928,0.0,0.8479368435620567,1.0,0.0,0.2430978109136323,25,-180.5225566471806,0.11904761904761904,0.175,0.21428571428571427,7737.82139001169,0.5109853829716142,0.6565850484133279,6231.766716158601
233,0.8333333333333334,412.6838074672901,382.4886697679108,400.70063335759625,465.80716180605896,5862.419368897913,288.25812053298324,0.0,0.8479368435620567,1.0,0.0,0.2431668328044959,25,-181.1165292153363,0.11904761904761904,0.175,0.21428571428571427,7737.82139001169,0.5125975514109793,0.6565850484133279,6211.766716158601
234,0.8333333333333334,412.6838074672901,382.4886697679108,400.70063335759625,465.80716180605896,5847.756789365681,291.90068213432653,0.0,0.8479368435620567,1.0,0.0,0.24323516447645097,25,-181.69523474983777,0.11904761904761904,0.175,0.21428571428571427,7737.82139001169,0.5142095144605687,0.6565850484133279,6191.766716158601
235,0.8333333333333334,412.6838074672901,382.4886697679108,400.70063335759625,465.80716180605896,5833.083996902108,295.5893196474793,0.0,0.8479368435620567,1.0,0.0,0.24330281283168656,25,-182.27471970648241,0.11904761904761904,0.175,0.21428571428571427,7737.82139001169,0.5158211834980122,0.6565850484133279,6171.766716158601
236,0.8333333333333334,412.6838074672901,382.4886697679108,400.70063335759625,465.80716180605896,5818.167348926179,299.32737753416086,0.0,0.8479368435620567,1.0,0.0,0.24336978470336965,25,-182.8659638597462,0.11904761904761904,0.175,0.21428571428571427,7737.82139001169,0.5174325586037412,0.6565850484133279,6151.766716158601
237,0.8333333333333334,412.6838074672901,382.4886697679108,400.70063335759625,465.80716180605896,5803.313348207972,303.1151977867738,0.0,0.8479368435620567,1.0,0.0,0.24343608685633591,25,-183.45446158995688,0.11904761904761904,0.175,0.21428571428571427,7737.82139001169,0.5190436398581595,0.6565850484133279,6131.766716158601
238,0.8333333333333334,412.6838074672901,382.4886697679108,400.70063335759625,465.80716180605896,5789.082171643245,306.94744157190814,0.0,0.8479368435620567,1.0,0.0,0.24350172598777264,25,-184.0138614324457,0.11904761904761904,0.175,0.21428571428571427,7737.82139001169,0.5206544273416394,0.6565850484133279,6111.766716158601
239,0.8333333333333334,412.6838074672901,382.4886697679108,400.70063335759625,465.80716180605896,5774.024941468191,310.83358635818917,0.0,0.8479368435620567,1.0,0.0,0.24356670872789488,25,-184.61251691697763,0.11904761904761904,0.175,0.21428571428571427,7737.82139001169,0.5222649211345254,0.6565850484133279,6091.766716158601
240,0.8333333333333334,412.6838074672901,382.4886697679108,400.70063335759625,465.80716180605896,5759.754426497553,314.7664223403318,0.0,0.8479368435620567,1.0,0.0,0.24363104164061597,25,-185.17427906881673,0.11904761904761904,0.175,0.21428571428571427,7737.82139001169,0.5238751213171309,0.6565850484133279,6071.766716158601
241,0.8333333333333334,412.6838074672901,382.4886697679108,400.70063335759625,465.80716180605896,5745.205290825135,318.74990685246604,0.0,0.8479368435620567,1.0,0.0,0.2436947312242098,25,-185.7495030674311,0.11904761904761904,0.175,0.21428571428571427,7737.82139001169,0.525485027969741,0.6565850484133279,6051.766716158601
242,0.8333333333333334,412.6838074672901,382.4886697679108,400.70063335759625,465.80716180605896,5730.437586157633,322.7874209433782,0.0,0.8479368435620567,1.0,0.0,0.24375778391196776,25,-186.33526824855534,0.11904761904761904,0.175,0.21428571428571427,7737.82139001169,0.5270946411726116,0.6565850484133279,6031.766716158601
243,0.8333333333333334,412.6838074672901,382.4886697679108,400.70063335759625,465.80716180605896,5716.431313526699,326.87168268631933,0.0,0.8479368435620567,1.0,0.0,0.24382020607284802,25,-186.885383393236,0.11904761904761904,0.175,0.21428571428571427,7737.82139001169,0.5287039610059705,0.6565850484133279,6011.766716158601
244,0.8333333333333334,412.6838074672901,382.4886697679108,400.70063335759625,465.80716180605896,5701.928022165593,331.00924476964207,0.0,0.8479368435620567,1.0,0.0,0.24388200401211957,25,-187.4592819913285,0.11904761904761904,0.175,0.21428571428571427,7737.82139001169,0.5302981748144773,0.6565850484133279,5991.766716158601
245,0.8333333333333334,412.6838074672901,382.4886697679108,400.70063335759625,465.80716180605896,5687.127952181895,335.2045223971132,0.0,0.8479368435620567,1.0,0.0,0.2439431839719983,25,-188.04738146595358,0.11904761904761904,0.175,0.21428571428571427,7737.82139001169,0.5318874608090933,0.6565850484133279,5971.766716158601
246,0.8333333333333334,412.6838074672901,382.4886697679108,400.70063335759625,465.80716180605896,5672.84059233612,339.45274297536076,0.0,0.8479368435620567,1.0,0.0,0.24400375213227837,25,-188.61149297860473,0.11904761904761904,0.175,0.21428571428571427,7737.82139001169,0.5334764156451299,0.6565850484133279,5951.766716158601
247,0.8333333333333334,412.6838074672901,382.4886697679108,400.70063335759625,465.80716180605896,5658.7438715352455,343.7527815413521,0.0,0.8479368435620567,1.0,0.0,0.2440637146109556,25,-189.1669150630272,0.11904761904761904,0.175,0.21428571428571427,7737.82139001169,0.5350650394260801,0.6565850484133279,5931.766716158601
248,0.8333333333333334,412.6838074672901,382.4886697679108,400.70063335759625,465.80716180605896,5644.4247396879955,348.1083603940248,0.0,0.8479368435620567,1.0,0.0,0.2441230774648461,25,-189.7331288849448,0.11904761904761904,0.175,0.21428571428571427,7737.82139001169,0.5366533322553946,0.6565850484133279,5911.766716158601
249,0.8333333333333334,412.6838074672901,382.4886697679108,400.70063335759625,465.80716180605896,5630.171575364241,352.51981247228383,0.0,0.8479368435620567,1.0,0.0,0.24418184669019752,25,-190.2964862246876,0.11904761904761904,0.175,0.21428571428571427,7737.82139001169,0.53824129423648,0.6565850484133279,5891.766716158601
